Title,Author,Likes,Comments
Russia Warns Israel Over Flooding Tunnels in Gaza: 'War Crime' (newsweek.com),whosagoodbi,4286,1116
Canada's surging cost of living fuels reverse immigrationPolitics (reuters.com),Square-Simple723,482,227
Vidhide: Your All-in-One Solution for Seamless Streaming and Video Hosting (vidhide.com),Significant-154,2,comment
"TIL Tom Cruise ended his marriages with Mimi Rogers, Nicole Kidman, and Katie Holmes when they each turned 33. Additionally, each ex-wife was 11 years younger than the previous one. (independent.ie)",Motor-Conclusion-260,4581,457
My daughter's birthday gift from my Mom. (old.reddit.com),christinasasa,3290,387
Ontario to announce plan to allow beer in corner storesArticle (theglobeandmail.com),Jetboater111,383,329
"In 1948, Idaho parachuted 70+ beavers into remote wildernessVideo (v.redd.it)",o_cuinn,9095,523
TIL we still don't know what disease killed more than half the Native Americans in 1500. (en.wikipedia.org),eisterman,2942,518
GTA 6 Hacker Behind 2022 Leaks Vows To Continue To Commit Crimes After Being Released From Jail (insider-gaming.com),karmaenthusiast_,10.3k,661
Match Thread: Manchester United vs AFC Bournemouth | English Premier League (self.reddevils),MatchThreadder,109,7261
Suns DJ samples Steve Kerr's speech complaining about the music played during Suns games (streamable.com),MyMindWasAFortress,3047,154
What's going on with the Indian Hate? (self.askTO),shaky_oatmeal,0,100
"[Matheson] The #BlueJays remain as tight-lipped as ever on Shohei Ohtani. This pursuit is beyond anything I‚Äôve experienced and may never again. Ohtani, and this pursuit, happen once. Sports are at their best when people give a damn, all together, all at once. And baby, these are the days. (x.com)",ThQp,0,65
AITAH for refusing to allow my wife to host Holiday dinner for my son and daughter in law when they disrespected her by not inviting her to their wedding? (self.AITAH),FrontTurbulent2395,2293,1131
Jason Terry developed a machine learning model to spot a new planet outside the solar system. Great work happens on Mac. (apple.com),apple,0,0
Zion Williamson's former trainer takes shot at Zion's recent weight gain: (self.nba),UnbiasedNBAFan_,1068,286
TIL that The Simpsons episode where they go to Japan is banned in Japan. (en.wikipedia.org),1MillionSpacebucks,5685,447
"‚ÄúProve me wrong, but don‚Äôt use reliable sources that prove me wrong‚Äù üá≤‚ÄãüáÆ‚Äãüá∏‚Äãüá®‚Äã (i.redd.it)",Redstoneprime,12.4k,2345
"It now costs more to afford basic necessities in Calgary than in Vancouver, Toronto: StatsCanNews Article (cbc.ca)",Rocky_Mountain_Way,200,95
Contre-offre syndicale : environ 25 % sur cinq ansActualit√© (self.Quebec),PvtMilhouse,56,126
Unwrapping the burrito[Child laughter] (v.redd.it),AnimatedBasketcase,11.1k,222
"My boyfriend said ''You are a 6/10, but I love you so it doesn't matter'' (self.TwoXChromosomes)",Some_Dragonfly1481,1387,489
Um‚Ä¶ no. They‚Äôre at the Sheraton (i.redd.it),LavenderGwendolyn,4242,412
#OhtaniWatch Mega thread: The morning after (self.Torontobluejays),33dogs,77,254
"TIL that Kenny Rogers was singing at a private event of a hedge fund manager and asked to repeat 'The Gambler's over and over, being offered additional pay per song. After a dozen times and having earned $4 million, he refused to sing. (huffpost.com)",just_call_me_oj,14.8k,595
Iowa Family who supported Republicans recently passed school voucher program shocked when their private school responds by nearly doubling the tuition rate; they can't afford the school in the upcoming year. (kcrg.com),jarena009,8581,484
Conservative filibuster ends after voting marathon in the HousePolitics (ipolitics.ca),PoliticalOntarian,194,341
Denver father shot and paralyzed after confronting armed teen near son‚Äôs school (denver7.com),xSkiLLzo,1592,282
Day 8 of hockey alignment chart: Chaotic Evil (i.redd.it),Hockeytown11,311,162
"With the Amex¬Æ Aeroplan¬Æ* Business Reserve Card, earn up to 95,000 Welcome Bonus Aeroplan¬Æ* points. *Terms apply.‚Äã (americanexpress.com)",AmericanExpressCAGCS,0,0
Selena Gomez and Taylor Swift spotted in NYCGuest List Only ‚≠êÔ∏è (old.reddit.com),frenchfruit,1900,388
My husband is embarrassed to be seen with me in public (self.TrueOffMyChest),-KneeGrow,776,326
me irl (i.redd.it),ioctfp,20.8k,225
Hello! I‚Äôm the Actor for Dammon and a few others in BG3Act 1 - Spoilers (self.BaldursGate3),blaxworld,3231,349
These finance reductions are getting out of HandAuto (self.PersonalFinanceCanada),Pl1Tr89IcK,64,75
Anyone want to adopt it? This is the second sofa set this yearOC (i.redd.it),zinahotmom,1512,218
What is a 5 or 10 minute thing that you added in your routine and it turned out to be a complete game changer? (self.AskReddit),TTrebel,869,551
[Leafs PR] Joseph Woll is out week-to-week with a high ankle sprain. (x.com),redditpineapple81,182,47
AITAH for telling my brothers wife that she is welcome to get a hotel room if she‚Äôs going to keep complaining about everything in my house? (self.AITAH),No_Room_1557,874,373
Housing is about to get even worst (self.CanadaHousing2),Civil_Review_8642,152,233
This one came to me in a dreamGRAPHIC DESIGN IS MY PASSION (i.redd.it),JewelsOfTheMountain,1630,453
This is how you become THE LEGEND. We should have never doubted Melinda‚Äôs star-power ü´°Drag Race Canada S4 (v.redd.it),Heidi_Klum_Tit,289,92
"Fallout 76: Atlantic City - Boardwalk Paradise Entertainment, comfort, adventure - Atlantic City has it all. Sometimes... even more than you bargained for. Join 16 Million players today for a new storyline in a never-before-visited location in the Fallout universe. (fallout.bethesda.net)",Fallout76Official,32,0
Toronto just doesn't feel worth the $ - Any recommendations? (self.askTO),HonestOpinion80,0,114
"[BNS] After wild day of speculation, Blue Jays still in the mix to land Shohei Ohtani (sportsnet.ca)",EarthWarping,101,69
Fired for Refusing to Serve Alcohol to Pregnant WomanOntario (self.legaladvicecanada),Physical_Advance6003,0,96
Philippines receives $5.3 bln climate finance commitment from Canada National News (reuters.com),paulyc101,329,477
...hit again (i.redd.it),Estivara,117,52
R√©forme en sant√© Le projet de loi 15 adopt√© sous b√¢illonPolitique (self.Quebec),Massive_Bus_2919,77,47
"So many facepalms to choose from. I'll go with ""doesn't use AirPods"" üá≤‚ÄãüáÆ‚Äãüá∏‚Äãüá®‚Äã (i.redd.it)",Visqo,3770,1941
Small error on the birth certificate üá≤‚ÄãüáÆ‚Äãüá∏‚Äãüá®‚Äã (i.redd.it),DewaneeSpode53,2882,242
American Chocolatier Charged in Deaths of Canadian Animation Pioneer and his Wife at Caribbean Resort (nbcnews.com),Grace_God,1334,194
The new Stubborn Goat has a gender-neutral bathroom (self.halifax),sjmorris,79,134
"Thanks, I hate class system based on eye colour (i.redd.it)",Vi0letBlues,2856,320
IDF reports rockets fired at Israel from Gaza humanitarian zoneIsrael/Palestine (ynetnews.com),Glassounds,1079,148
Snarky Biden is the best Biden (i.redd.it),ExactlySorta,6334,344
Texas Supreme Court pauses lower court's order allowing pregnant woman to have an abortion (apnews.com),JayneQPublik,7829,1436
Canada is deporting more people faster National News (ctvnews.ca),Gratedmonkey,1598,375
How to improve employee retention (quickbooks.intuit.com),QuickBooks_Canada,0,0
"[Longley] Maybe my favourite story from yesterday? A pal who both bought into the hype and profited from it. Savvy dude bought a bunch of opening day tickets in the morning then flipped them for a profit later in the day, while keeping a pair for himself. (2/2 He's a wily entrepreneur that fellow.) (twitter.com)",bichettes_helmet,0,27
Steamed Buns Street Food (v.redd.it),ajd416,8169,304
"Federal lawsuit claims heart missing from inmate's body, remains not properly preserved (abc3340.com)",reddicyoulous,2924,176
"Nearly half of men think they can safely land a plane in an emergency, survey finds (inshort.geartape.com)",gootyy,5564,1130
"I put up my annual 12' tall tree, with 6400 lights (have to split on 3 circuits). My smart ass cousin sent me this via Amazon. (i.redd.it)",Sunstoned1,3083,132
"IDF soldier mocks as he vandalizes a Palestinian shop smashing and destroying the store products in Jabalia Refugee Camp, north of Gaza Cityüåé World Events (v.redd.it)",WaaCeynkaa,2014,867
Match Thread: Aston Villa vs Arsenal [English Premier League] (self.Gunners),GunnersMatchBot,0,3164
"No Google, I do not mind driving an extra 10 minutes just to save 7 bucks in tolls. Stop asking me every 15 minutes. (old.reddit.com)",VeryHappyTrumpet,2032,261
"Reminder folks, if you still didn't do the annual mobo cleaning, it's timeNSFMR (i.redd.it)",ADHD_MAN,2746,228
Why does my dvd say ‚ÄùThe New Hope‚Äù and not ‚ÄùA New Hope‚Äù?Movies (i.redd.it),North_Freedom_7956,1325,201
Balding overweight man is shockingly good at basketballSkill / Talent (v.redd.it),RevolutionaryTell668,3517,490
Conservative filibuster ends after voting marathon in the House (ipolitics.ca),PoliticalOntarian,304,43
Match Thread: Crystal Palace v Liverpool FCMatch Thread (self.LiverpoolFC),DoubleDeckerz,173,7008
"How much would your $1 investment from seven years ago be worth today? With the S&P 500 in 2017, it would have grown to a modest $1.86 today, an 82% return. But imagine investing in Bitcoin (BTC). Fast forward to today, your $1 ballooned to an impressive $11.32, a remarkable 1032% return. (coinflip.tech)",CoinFlip_BTC_ATM,0,0
Ian Gary really a victim (v.redd.it),Parasyte-vn,981,275
This guy must really dislike masks (i.redd.it),agiantkenyan,783,392
Try go home after work (v.redd.it),RimpiStuphe14,7027,286
[Russo] Hearing no discipline coming to Evander Kane likely because Brodin shoulder checks and didn‚Äôt protect himself despite fact Evander Kane needlessly drives his head into the glass. (twitter.com),DecentLurker96,0,122
"Indian proxies funding Canadian politicians ""at all levels of government"": CSIS Report National News (thebureau.news)",imgurliam,0,49
"Beer league idiot tomahawks a guy in the head, tries to run and gets hit from behind into the closing rink door (self.hockey)",GangreneMachine,1872,419
Men: What‚Äôs the most disgusting thing you ever said to a girl and didn‚Äôt even realize how disgusting it was until later? (self.AskReddit),justaguyonreddit0999,3216,1385
Faker got BOOed by EU crowd during the Redbull event (clips.twitch.tv),BlastedEuro,462,357
Wholesome relationship there (i.redd.it),TaraVaj,18.6k,152
"Hi, I‚Äôm Money. Right now, I can work harder for you with one of Canada‚Äôs best High Rate Savings Accounts*. (hsbc.ca)",hsbccanada,0,14
What‚Äôs the most believable conspiracy theory? (self.NoStupidQuestions),jokers_wild_card,1267,2647
Choose wisely...Lord of the Rings (i.redd.it),ImaSloppySlopSlop,2701,827
Meat spot in egg? (old.reddit.com),Frosty_Strategy6801,1635,433
Now what the hell is going on here?Beverly Hills (i.redd.it),mkg4169,219,87
The ‚Äúlaw‚Äù allows this abomination of a post to existüáµ‚Äãüá∑‚Äãüá¥‚Äãüáπ‚Äãüá™‚Äãüá∏‚Äãüáπ‚Äã (i.redd.it),Lord_Answer_me_Why,8473,2052
Not a Canucks fan but this ensemble is on point! (i.redd.it),michiganhockeyguy,706,63
voting age üá≤‚ÄãüáÆ‚Äãüá∏‚Äãüá®‚Äã (i.redd.it),TalkIcy9412,1994,426
Who‚Äôs legs are those?TheBirdsaLiar (i.redd.it),AtmosphereCapable735,32,38
"It turned out that the cause of death of the shepherd whose body was found in the barn was ""the ram he fed in the barn"".WTF (v.redd.it)",PEDERAHMET,713,215
Hit our yearly target a month early and got this instead of a pizza party (old.reddit.com),plotikai,3579,564
LinkedIn envyDiscussion (v.redd.it),faps_to_art,1499,238
Sleepy Wunkus (v.redd.it),Abhishek1520,6283,96
My boss wanted me to make an infographic. How‚Äôd I do? (redditforbusiness.com),RedditforBusiness,0,0
Gameweek 16 (2023/24) RANT AND DISCUSSION THREADGW Rant & Info (self.FantasyPL),FPLModerator,39,3203
Post Match Thread: Manchester United 0-3 A.F.C Bournemouth | Premier League (self.reddevils),wariusheart,0,1110
My high school boyfriend‚Äôs wife just sent me this. We‚Äôre 35 now‚Ä¶Facebook DMs (i.redd.it),starfairyshortcake,1202,321
You never hear about women with a foot fetish (self.Showerthoughts),Someone_Pooed,625,252
Is the customer always right? Some Vancouver businesses say noNews (cbc.ca),GeoWa,45,40
Stud Finders look for Wood (i.redd.it),Rekdon,1350,294
Christmas decorations (v.redd.it),Efficient_Sky5173,5029,507
My mom crochets and donated 48 blankets to sick children this year.OC (i.redd.it),seacogen,3474,90
ELI5: Why do we have pubes?Biology (self.explainlikeimfive),Meatcakedeluxe,306,216
"Susan Delacourt (@SusanDelacourt) on X: Just fyi, the House of Commons is still voting. @JustinTrudeau is in the chamber. @PierrePoilievre is not. (x.com)",PoliticalOntarian,662,66
"""Arm accessory""washed out driver that will be back in 2024 (i.redd.it)",Sammeeeeeee,3015,74
"Unforetold: Witchstone is a CRPG sandbox game featuring a reactive influence system that allows players to shape the fate of the world. Wishlist now and jump into Steam Early Access on January 25, 2024. (store.steampowered.com)",SpearheadGames,7,0
Karmine Corp vs. T1 / Red Bull League of Its Own 2023 - Showmatch 5 / Post-Match Discussion (self.leagueoflegends),adz0r,0,371
"Saturday Weekend Episode - Bigg Boss 17 - December 09, 2023Scheduled Discussion Thread (self.biggboss)",AutoModerator,18,2832
"Meet Olivia Farnsworth, a 7-year-old girl with a rare condition known as Chromosome 6 Deletion. This condition is so unique that Olivia is believed to be the only person in the world who exhibits all three of its most unusual symptoms: an inability to feel pain, hunger, or fatigue. (i.redd.it)",ubal0xh,6603,642
Czech magazine Reflex came up with this design of the Olympic uniform for Russian and Belarusian athletesPhoto (i.redd.it),TotalSpaceNut,5179,308
Grok rule (old.reddit.com),nlolhere,1238,115
Which non-horror movie traumatized you ?Discussion (self.movies),Pure-Philosopher4470,356,678
"Introducing the Ray-Ban Meta smart glasses collection, available now. (ray-ban.com)",raybanmeta,0,0
Flights are more expensive in Canada than the U.S. due to tax: 'Ottawa prefers to treat our airports as cash cows' National News (nationalpost.com),cdnav8r,559,263
Dan Price is tired of your labor shortage arguments (i.redd.it),Busy-Land8277,11.6k,448
I love the fact that Rick Astley's YouTube channel consists of high-quality music videos interspersed with covers filmed on a webcam (v.redd.it),Hassaan18,2037,61
What are some of your favourite ‚ÄúThis Tweet has been deleted‚Äù moments?Twitter üê• (old.reddit.com),peachgothlover,0,98
My puzzle has letters on the back to check placementOC (i.redd.it),ZombiesAndZoos,20.4k,419
Prince Harry and Meghan Markle 'enraged by Princess Kate's Christmas ‚Ä¶ALLEGEDLY (archive.ph),ValuableEfficiency23,80,117
5 now dead in 'major' cantaloupe salmonella outbreak as Canadian cases nearly double (cbc.ca),Silly-avocatoe,569,87
[NationNMedia]Evander Kane hit on Brodin. (twitter.com),joshj5hawk,324,236
The developer of The Day Before seems to be deleting evidence that it was ever an MMO game (pcgamesn.com),curious_zombie_,10.1k,605
"[Lou] We're talking about the market will dictate that OG will be paid 40 mil/season... when most of his offense is spoon-fed, catch and shootOPINION (self.torontoraptors)",EarthWarping,38,45
Roger Clark is a Savage üíÄüíÄVideo (v.redd.it),Greatcorbeenee,2806,116
My boss wanted me to make an infographic. How‚Äôd I do? (redditforbusiness.com),RedditforBusiness,0,0
I just realized the tea I bought uses bookmarks as row dividersOC (i.redd.it),hermiona52,4396,70
To repo a car (v.redd.it),CantStopPoppin,2187,324
Why are there two huge Costco Facebook groups?Shopping Local (self.Calgary),justlurkingihope,211,272
A CHRISTMAS STORY. (old.reddit.com),davecontra,19.6k,423
Texts between me and a girl my husband cheated on me withPhone message (old.reddit.com),Deep_Signature_6359,1680,403
Experts: Filing shows how Trump plans to go around Judge Chutkan to stop case ‚Äúdead in its tracks‚Äù (salon.com),Beta_Nerdy,2852,303
What's the worst Christmas bonus you've ever received? (self.AskReddit),fuzzyloulou,4904,7200
"Scott Moe on Twitter: ""When people show you who they are, believe them.""Politics (twitter.com)",Progressive_Citizen,14,29
anybody have any budget advice for groceries?Discussion (self.ontario),Educational_Fox_6146,19,100
"Is anyone else tired of the Aritzia dressing rooms? Not only is it extremely claustrophobic, no mirror, they make you go out to look at yourself with a bunch of other random people and men sitting on the couch, on top of that they can‚Äôt even provide you with a door but a sheet.Discussion (i.redd.it)",sylanaj_,110,27
My boss wanted me to make an infographic. How‚Äôd I do? (redditforbusiness.com),RedditforBusiness,0,0
Woman repeatedly sent home from Langley Memorial Hospital actually needed emergency surgeryLocal News (bc.ctvnews.ca),Abject_Ferret_9093,155,45
Apple's head of iphone and Apple watch design leaving the company $AAPLNews (i.redd.it),Time-Caterpillar-689,968,210
"Christian Bale dropped an insane 63 lbs to portray the insomniac character, Trevor Reznik in the 2004 thriller, The Machinist, undergoing a strict diet consisting of water, an apple, and one cup of coffee each day.Image (i.redd.it)",ayush0507,15.2k,627
An apartment complex is replacing the concrete pads under the condensers. Gotta keep your residents comfortable while doing the work!OC (i.redd.it),MacG467,1782,117
"Merry Christmas, here‚Äôs your gift! (old.reddit.com)",Paradiddle14,18.0k,690
Would you buy a home now before the 2024 increase?Discussion (self.alberta),Feeling-Confusion-,16,70
[Leafs PR] Maple Leafs goaltender Joseph Woll is out week-to-week with a high ankle sprain.News / Update (x.com),FutureAnybody,147,97
2023 wrap up (self.AliciaMccarvelSnark),Designer_Tiger3430,26,50
Ibrahim Ali murder trial: Jury reaches verdict | CityNews Vancouver‚ö† Community Only üè° (vancouver.citynews.ca),originalwfm,458,195
this meme took way too long to makeOC (i.redd.it),Venixooo,4611,122
No Need Orga vs. T1 / Red Bull League of Its Own 2023 - Showmatch 3 / Post-Match Discussion (self.leagueoflegends),Soul_Sleepwhale,667,171
It‚Äôs time we held AI to a higher standard. (salesforce.com),salesforce_us,0,0
"Spotted this little dude while crossing my local heap today. Red squirrel population has dropped massively in the UK due to being out competed by grey (invaders from the US) squirrels so this fella is nice to see, and cute!OC (v.redd.it)",toooomanypuppies,4681,226
"Dev behind massive Skyrim multiplayer mod turns their hands to Starfield, gives up because ""this game is f***ing trash,"" uploads everything for someone else to finish (gamesradar.com)",curious_zombie_,21.7k,1830
Faker vs NNO intentionally picked a skin for only the 3rd time in his competitive career. (self.leagueoflegends),Nymaera_,1197,66
COD developer responses to God of War‚Äôs Christopher Judge joking about the new MW3 campaign News (old.reddit.com),tom030792,1778,431
My mom crochets and donated 48 blankets to sick children this year.Finished Object (i.redd.it),seacogen,2066,77
This is America!!! (i.redd.it),Kenyalite,1263,132
Post Match Thread - Crystal Palace 1-2 LiverpoolPost Match (self.LiverpoolFC),GeorgeCuz,281,1057
Flight attendant gives instructions using the bugs bunny voice (v.redd.it),smooth_vesselHPAUM,3300,164
She is an adoptee from India and can't contain herself seeing her national food Wholesome Moments  (v.redd.it),Careful_Cup4484,15.9k,403
Republican Senator J.D Vance gets a headstart on the Trump/GOP dictatorship calls for the Justice Department to end free press and free speech (i.imgur.com),rhino910,4460,183
TIL Baby Boomers hold $21 trillion worth of STOCKS. What will happen when they die? Will their survivors cash out and crash the market?News (businessinsider.com),v-shizzle,3566,684
Wheelie gone bad bursts into flames... (v.redd.it),ParticularProfile795,2342,362
Berlin International Gaming vs. T1 / Red Bull League of It‚Äôs Own 2023 - Showmatch 2 / Post-Match Discussion (self.leagueoflegends),Soul_Sleepwhale,701,151
Pakistan: Woman killed after being seen with man in viral photo (bbc.com),giuliomagnifico,926,117
"[BNS] After wild day of speculation, Blue Jays still in the mix to land Shohei Ohtani (sportsnet.ca)",deadassynwa,0,66
My boss wanted me to make an infographic. How‚Äôd I do? (redditforbusiness.com),RedditforBusiness,0,0
How long did it take you? (v.redd.it),asap3210,6618,142
"Trump‚Äôs attorney again requests end to civil trial, claims judge is ‚Äòwasting time and money‚Äô by ignoring testimony ‚Äî ‚ÄúWhy are we wasting our time if nobody is considering the words coming out of our experts‚Äô mouths?‚Äù (abcnews.go.com)",marketrent,780,140
The North Sea is metal (v.redd.it),unclustered,5502,264
The eagle has landed boys! Costco dropped the blades $499Deals (old.reddit.com),GolferBros,443,207
"You have 162 games to get 10 hits. If you do, you get $100,000,000. If you don‚Äôt, you die. Would you take the bet?Opinion (self.baseball)",playalisticadillac,2459,1434
"You still have your boyish good looks, Logan (its your mutant ability at work‚Ä¶) (i.redd.it)",SunCloud-777,4161,55
"[Morosi] Today, I posted reporting that included inaccurate information that Shohei Ohtani was traveling to Toronto. I regret the mistake and apologize to baseball fans everywhere. I am deeply sorry for letting you down. (twitter.com)",bichettes_helmet,325,120
Meirl (i.redd.it),judgementMaster,3874,33
"Cyberpunk 2077 studio congratulates No Man's Sky dev on new game Light No Fire and jokes ""you can always fix it later""Articles & Blogs (gamesradar.com)",Darren-B80,1621,344
insaneAnime Discussion (i.redd.it),Hentilife,1686,56
"What's going on with the ""deadly"" Panera Lemonade? Unanswered  (self.OutOfTheLoop)",BillsGymRat,492,218
Make your money work harder for you with an HSBC High Rate Savings Account. (hsbc.ca),hsbccanada,0,1
Fake license (old.reddit.com),neilkohney,14.6k,125
Noticed something about the new rakdosGeneral Discussion (old.reddit.com),Intelligent_Ant_1447,0,57
Learn how to live a little (v.redd.it),BetterDrawing8686,1919,44
Trump Is Coming for Your Health Care‚ÄîAgain (newrepublic.com),OtmShanks55,4699,444
"Has anyone else been ""scammed"" at a circle K, more specifically the 1545 Woodroffe Ave location? (self.ottawa)",octo3-14,119,71
‚ÄòThe Game Awards‚Äô Was A Full-On Parody Of Itself This Year (forbes.com),curious_zombie_,6068,742
[Match Thread] Eintracht Frankfurt vs FC Bayern M√ºnchenMATCH THREAD (self.fcbayern),julesvr5,26,1456
[Highlight] Jamal Murray joins Dillon Brooks in his pregame stare routineHighlight (streamable.com),11x_dev,1909,212
"[Weiss] Jaylen Brown: ""I always thought my first career ejection would be something a little more exciting. Guys tussling up, thrown to the ground. Not some overemotional ref who had a bad day. What I‚Äôm most upset about is that I should‚Äôve gotten my fucking money‚Äôs worth."" (x.com)",Memokerobi,7384,219
Voting on ceasefire in the Israel-Palestine conflict (i.redd.it),BrasilemMapas,6149,3620
What is it like to have a beautiful wife? (self.AskMen),Aarunascut,121,191
Would you though? (i.redd.it),theonetosucceedsoon,2374,463
AITAH for telling my former friend she's dead to me after she betrayed my trust? (self.AITAH),N/A,1126,404
Indigo Metro shuts down because of bloody bodies on the ground‚ö† Community Only üè° (twitter.com),Cookieman_2023,0,140
where would you go to first in a zombie apocalypse? (self.AskReddit),UmYe_a_h,197,529
Texas attorney general says he will sue doctor who gives abortion to Kate Cox (theguardian.com),musememo,15.8k,2145
I‚Äôve never heard a voice degenerate more than Axl Rose‚Äôs. Jon Bovi Jovi‚Äôs in second place. I‚Äôm surprised ticket buyers are cool with it.discussion (self.Music),tangledapart,1709,1262
My boss wanted me to make an infographic. How‚Äôd I do? (redditforbusiness.com),RedditforBusiness,0,0
"The Toronto Raptors fall to the Charlotte Hornets, 119-116OFFICIAL POST GAME THREAD (self.torontoraptors)",nanobot001,93,267
To act like a good Israeli soldier and not vandalise for fun (v.redd.it),MCneed_moneypants,823,222
Count Dooku but Japanese at Tokyo Comic ConCostumes (i.redd.it),waidanwojnar,4835,102
Bristol University bans the National Anthem amid claims it is ‚Äòoffensive to some‚ÄôNews (bristolworld.com),Asleep_Dragonfly_927,607,261
Joe Rogan blasts Trudeau's 's***hole communist government' (nationalpost.com),Legal-Suit-3873,0,31
he's so mature (i.redd.it),PeaExcellent3321,2302,35
AITA for telling my wife I won‚Äôt support her if she doesn‚Äôt even try to treat her cancer? (self.AITAH),throwawaywifecancer,2254,1417
Sentinels vs Team Liquid / AfreecaTV VALORANT LEAGUE - Playoffs / Post-Match ThreadPost-Match Thread (self.ValorantCompetitive),rib-gg-bot,319,186
I cannot understand why the most affectionate pittbulls in the world always have names like ùôàùô§ùôßùô©ùôûùô¢ùôöùôß ùô©ùôùùôö ùòøùôöùô®ùô©ùôßùô§ùôÆùôöùôß or ùòΩùôßùô™ùô©ùô™ùô® ùô©ùôùùôö ùôâùôöùôòùô†ùôúùôßùôûùô£ùôôùôöùôß.I spent an embarrassingly long time on this  (i.redd.it),Kondrad_Curze,3322,172
[Slater] ‚ÄúThe only frustration with that is will this guy (Barkley) ever give us any credit?‚Äù Thompson said. ‚ÄúYou know how hard this is to do? Annually? You‚Äôd think Charles would understand how hard it is to win a championship. To do that annually? And we‚Äôre still here. What are we ‚Äî 10 and 12? (theathletic.com),EarthWarping,70,112
"Puisqu'on parle toujours des salaires des profs et infirmi√®re, ca vaut la peine que tout le monde jette un coup d'oeil la dessus. Ca, pas grand monde en parle. (i.redd.it)",poufpoufpouf1,0,20
Study reveals stark loss of affordable housing in OttawaRent/Housing (ottawacitizen.com),KMerrells,87,53
"Dominion awaits, come be a hero! Like the man said: heroes get remembered, but legends never die. Step up to the plate in Hero Wars and start swinging! (hero-wars.com)",HeroWarsDominionEra,0,22
"If you left Vancouver for a year, what would you do your first day back?Ask Vancouver (self.vancouver)",slotass,35,179
Netflix being Netflix (i.redd.it),FalconLynx13,1092,70
Guess we have ourselves an old fashioned stand off.ancient wisdom found within  (i.redd.it),Mansa-LI,8750,95
How come Piette got to live after seeing Vader without his helmet?General Discussion (old.reddit.com),TheAvidFan,4082,411
TIL that in an ‚Äòunfortunate evolutionary coincidence‚Äô the Œ¥-hexatoxins in Sydney Funnel-web spider venom are exceptionally dangerous to humans. A bite can kill a human in as little as 15 minutes. (jcu.edu.au),Rd28T,7201,503
Post Game Thread: Minnesota Wild at Edmonton Oilers - 08 Dec 2023[PGT] (self.hockey),GDT_Bot,45,270
The level of spacesaving on this thing is mindblowing (v.redd.it),unclustered,12.3k,336
It's so funny and I can't stop laughingControversial (i.redd.it),Alaya_Sarah,7006,433
What is your unpopular opinion on animal crossing?New Horizons (self.AnimalCrossing),anonymous_girl1227,178,183
Kratos' Voice Actor Pissed Off The Entire COD Community News (insider-gaming.com),Ghost6970,0,93
cursed_fetish (i.redd.it),ConfidenceNo4748,6017,82
"Expect Rachel Notley, NDP premier from 2015 to 2019 and current Opposition leader, to step down today - Alberta PoliticsAlberta Politics (albertapolitics.ca)",hundredfooter,325,219
Treat yourself to J.P. Wiser's 10-Year-Old ‚Äì a Canadian whisky a decade in the making. Now that's Wisely Done. (jpwisers.com),jpwisersca,24,0
Rachel Zegler likes tweet about the lack of support in Hollywood amid hateful comments she‚Äôs been receiving since being cast in 'The Hunger Games: The Ballad of Songbirds and Snakes'.Approved B-List Users Only (old.reddit.com),chrkrose,1923,214
"""What else you like?"" rizz (v.redd.it)",1OribeR,5314,152
Carti texting Frank OceanImage (i.redd.it),thebowwiththearrows,4115,251
Have fun !‚ò∫Ô∏èCreative Answers Only! (old.reddit.com),Cfutly,423,190
"Big cats are like house cats, only bigger!Video (v.redd.it)",stinky_sardine,595,56
AITA for breaking my deathbed promise to my wife to take care of her Down's Syndrome daughter? (self.AITAH),Throwawayvwd4,0,100
"The company let me go a month ago, so i left them on read. (self.antiwork)",xHiruzenx,9952,526
Actors who actually had fun with their role?Heartwarming ü•∞ (i.redd.it),somegirlontheinter,4904,587
Match Thread: Be≈üikta≈ü vs Fenerbah√ße - S√ºper Lig (self.FenerbahceSK),sport-scoreboard,25,1140
Why do women get fake breasts if men can transition with estrogen and grow breast? (self.ask),MangoMuch807,90,269
TIFU by telling a guy I've never spoken to before that he's cute?S (self.tifu),literallybateman,0,78
Jamie Oliver says he can‚Äôt watch The Bear because of cast‚Äôs poor cooking skillsArticle / News (independent.co.uk),rcl1221,0,55
"best ""2nd monitor game"" of 2023 is an idler RPG that grinds for you when you're offline, now free on Steam. (store.steampowered.com)",IdleOn_Boii,719,278
COME BACK!üî•SITE DOWNüî• (i.redd.it),toffeetheguinea,1395,612
What's the worst example of science fiction technology you've seen/read that makes no sense? (self.scifi),captainmagictrousers,96,241
Listen up you DINKS and DINKWADS üòÇMinor Fundie (v.redd.it),flippingdabird099,114,177
LMAOO i wonder if carti saw the top commentImage (i.redd.it),ksifan____,939,55
There was an attempt (v.redd.it),avrock1,14.7k,442
I did itVideo (v.redd.it),Altruistic_Run_8277,865,50
Carti noticed Dabo!Image (i.redd.it),Subject-Property-343,539,50
Tricked at superstore (pc financial debit card and credit check) advice please.Misc (self.PersonalFinanceCanada),fyosk,0,88
Can someone please explain to me how this is possible?News & Discussion (i.redd.it),DaDrumBum1,1046,123
Lisa Barlow being Lisa BarlowSalt Lake City (i.redd.it),laikai,191,59
"Code in Node.js, Java, Python, and other open-source languages. With Azure, you can build how you want and deploy where you want to. (azure.microsoft.com)",Microsoft_Azure,3,0
Stuntman training (v.redd.it),33Fanste33,1527,41
Dating after 40Discussion (v.redd.it),Real-Violinist1100,5439,1716
[Giunta] I truly believe this sportsnet article from @ShiDavidi is the most out of touch thing I‚Äôve ever seen in my life. His own company tweeted the ‚Äúbreaking news‚Äù. Incredible (x.com),ThQp,224,152
Meanwhile they were probably there to fix the HVAC or something (i.redd.it),imjustheretodomyjob,1996,40
"What exactly is the point of 'off side'? It kind of makes sense in Football, less so in Hockey IMO (self.hockey)",Fanghur1123,0,58
Guys...Discussion (i.redd.it),Puzzleheaded_View310,1456,66
rolnba[üêü] (i.redd.it),throwaway3338882,1522,41
"AMA, Comment and I‚Äôll Respond As Uzi DoormanDiscussion (i.redd.it)",PopInTheToast,189,500
"What does Hollywood think we want to see, but in reality barely any of us care about? (self.AskReddit)",QuitBanningMeJFC,393,817
Kevin McCarthy‚Äôs exit shows that Congress is now the House of Maga (the-independent.com),IntelligentExcuse5,1799,139
California teenager who passed bar exam at 17 is now practicing attorney (theguardian.com),Cryptic_Honeybadger,519,67
Jason Terry developed a machine learning model to spot a new planet outside the solar system. Great work happens on Mac. (apple.com),apple,0,0
Would you rather live in Paris or London?Question (old.reddit.com),Kindly-Horror-3079,2383,1163
"[Pearce] Klopp: ""I told the boys that‚Äôs the first time I saw someone play as bad as we did for 76 minutes and still win it.""Tier 2 (i.redd.it)",Adventurous-Arrival1,823,104
Housing market in Canada reaching a breaking pointAnalysis (torontosun.com),FancyNewMe,345,272
Why do people boo Nugent-Hopkins now?Question (self.Edmonton),Yel9nik,0,30
Turns out humans are somehow the only species to have any wild animals help or save them willingly on their own terms. Humans themselves don‚Äôt have any idea why either.writing prompt (i.redd.it),KarmaDaRealest,1442,56
Chess (v.redd.it),-MasterCrazee_,2564,135
Recently found out that we are doing pretty good for a generation. Future is looking bright.Discussion (i.redd.it),ThingsWork0ut,613,325
my game lost therefore this game bad and you are a furryMeme (old.reddit.com),SadSamus,3973,784
Where do the 2012 Gotham Rogues rank all time? (old.reddit.com),pgunz69,834,49
Why are ECEs not prioritized in Ontario?Discussion (self.ontario),AndalasiaGrovy,35,42
"EA cancels Titanfall 3 & Anthem 2.0.... Meanwhile, Ravens are busy armoring their core (i.redd.it)",Shot_Material3643,877,127
Where we dropping? Dominion! You know what's better than fighting monsters? Fighting monsters in a team! Find your guild and get to work in Hero Wars. (hero-wars.com),HeroWarsDominionEra,0,37
Actual stupidest way to fail honour modeAct 1 - Spoilers (self.BaldursGate3),LavenRose210,4047,153
[Nightengale] Shohei Ohtani is NOT in Toronto. Ohtani is NOT on a flight to Toronto. Ohtani is at home in Southern California.News (x.com),Waaaaaaaaaasuup,4804,853
Half time thread (self.reddevils),top1MIBRfan,47,282
My boss wanted me to make an infographic. How‚Äôd I do? (redditforbusiness.com),RedditforBusiness,0,0
The days when WWE was so controversial in. This would never be shown now. 1999. (v.redd.it),No_Milk_1953,937,186
This is just offensiveRant (i.redd.it),Decent-Link3406,0,62
Looks like that tow truck ran the traffic light. (v.redd.it),DerveSlivers94,1428,100
My cat's reaction to my husband singingCat Picture (old.reddit.com),glykonos,2019,58
Very clever. (i.redd.it),Skullzyyyy,7261,16
"The Pistons, Spurs, and Wizards are a combined 1-48 in their last 49 games (self.nba)",Imaginary-Cycle-1977,2967,336
"[Rob Wong] Not sure why people are saying today would turn Ohtani off. It's not like people would be checking on his whereabouts night in and night out. He's a private person, but still wants people to care about him/his brand and today showed that Canadians would be all-in. (x.com)",Actual_Cobbler_6334,592,135
Anthony Killhoffer just posted a Interesting caption 2 hours ago YE COLLABORATOR  (old.reddit.com),Laminator2000,342,45
"After almost a week of silence, KKKarissa is back ü§®Collins (old.reddit.com)",TexanButNotAFundie,0,51
Adult these days (v.redd.it),ubal0xh,2413,157
Effectiveness. ‚òëÔ∏èHumor/Cringe (v.redd.it),Baheegovic_again,2097,207
How do we tell them boiz.... atp i think its joever for us (i.redd.it),Responsible_Fact_446,806,159
"'Work less and work better, this is the principle': Lamborghini makes history by agreeing to a 4-day workweek for its production workersSociety (fortune.com)",BlitzOrion,9675,252
It‚Äôs time we held AI to a higher standard. (salesforce.com),salesforce_us,0,0
"[oc] white car‚Äôs insurance company (GEICO) says i‚Äôm partially at fault for not trying to avoid the accident, what do yall thinkOC (v.redd.it)",shivambhavsar,4988,1965
Man was so worried he called securityLmao gottem  (v.redd.it),flamedoggy,4121,120
"Dismantling gender stereotypes, chaotically (i.redd.it)",ContinuallyDouble,1783,5
No words for this idiocyPhotos (i.redd.it),DJ_Destroyed,403,149
the most annoying playerGeneral Discussion (i.redd.it),Low-Cry-8818,157,126
Showing of your skills at the beach (v.redd.it),amorimgustavo,1537,101
Anti LGBT Moms For Liberty founder leaves after her same sex relationship and rape accusations come out; conservative GOP husband also involved. (lgbtqnation.com),Rainbow-Death,11.3k,478
"jphoornstra's comment on ""[Game Thread] Shohei Ohtani"" No problem. I‚Äôll post a follow-up story no later than tomorrow morning whether there is new news to report or not. I haven‚Äôt heard anything from my sources that would contradict what I originally reported: that Ohtani chose the Jays. (reddit.com)",Henderson56,210,91
Alberta Health Services Denying Healthcare for Certain Ppl in a Northern Community HospitalAlberta Politics (self.alberta),Striking_Squirrel_63,0,22
See how Gradey Dick celebrates when the Raps hit 12 3‚Äôs in a game and you score free medium fries w/ purchase*. *Min $3 pre-tax purchase required. In one game. Valid the day after the game 11am-4am at participating restaurants in Ontario and Atlantic Canada. App download and registration required. (mcdonalds.com),McDonaldsCanada,0,0
Why are 18 year olds old enough to die in war but not old enough to drink or smoke in the U.S? (self.ask),GL0riouz,496,390
My niece found this kitten barely alive on her porch and brought him to me (old.reddit.com),claudiakishihere,2856,79
What song just makes you really uncomfortable? (self.AskReddit),Broad_Interview_2812,1419,3067
"Code in Node.js, Java, Python, and other open-source languages. With Azure, you can build how you want and deploy where you want to. (azure.microsoft.com)",Microsoft_Azure,3,0
Petah is there an alternate meaning to Harley Quinn I don't get here?Thank you Peter very cool (i.redd.it),Snipufin,3915,208
GTA real estate on pace for fewest annual sales since 2000News (bramptonguardian.com),md_drewski,79,27
Found the most annoying person on the planeVideo (v.redd.it),Missy_Clay,1054,473
Does any one live close? Can someone go and take candid pics of birdshit?Instagram vs Sarah's Reality (i.redd.it),shi7863,15,15
Elon is raising a billion dollars for thisFunny (i.redd.it),totpot,894,67
"Study identifies four predictors of prejudice towards childfree individuals: right-wing authoritarianism, political beliefs, collective narcissism, and religiosity.Social Science (pubmed.ncbi.nlm.nih.gov)",n00th1ng,1343,192
"NOBODY played Baldur's Gate 3, man, NOBODY!Meme (v.redd.it)",AggressivelyEthical,611,232
Vietnam veteran being told how much his watch is worthFeels good man  (v.redd.it),ur_lover,4081,120
*summons dogs*Humor (i.redd.it),Historical-Ad-7213,2067,43
What is the best fast food burger in your experience?Discussion (self.Edmonton),Canadiannewcomer,0,65
the Canadian scandal of the century (bigger then Trudeau getting a haircut) (i.redd.it),Thedutchonce,286,32
One of Canada‚Äôs Largest Gold/Silver Projects (thesisgoldstock.com),Thesis_Gold,0,0
"[Elliotte Friedman] Ilya Samsonov vs Nashville. According to Sheldon Keefe, Woll ‚Äúmissed his post‚Äù on the play where he was injured, contributing to the high-ankle sprainNews / Update (twitter.com)",alphacheese,0,14
I left my grinder sitting on the living room table. This is just a roommate. Not the owner of the home. (old.reddit.com),AWHS10,0,101
The greatest you say? (i.redd.it),zenmondo,7147,293
Squiggles got stuck within fifteen minutes of bringing him home.Baby üÖ±Ô∏èrain cell üçä (old.reddit.com),ncd42075,2531,39
"My boyfriend thinks his cat is ugly, help me prove him wrongCat Picture (old.reddit.com)",hazelflame1898,11.5k,2526
Wisconsin Fake Electors Admit It Was All A Sham! (talkingpointsmemo.com),D-R-AZ,1321,33
New chef was pissed about waste on these ribeyes. Am I tweaking or is this ridiculous? (old.reddit.com),jagsf,1559,410
The Nature of Predators 175OCOC (self.HFY),SpacePaladin15,397,96
Let the meltdown begin (i.redd.it),Problem_Forward,1126,86
"Scotsman Angus MacAskill, largest non-obese human to ever live. 8 ft (244 cm) tall, 80 inch chest. Here pictured standing next to friend that is 6'5"" (195,5 cm) (i.redd.it)",Livid-Natural5874,3421,132
Game #23. Toronto 4 V Ottawa 3Art / Picture (i.redd.it),BrianBeLeafs,129,11
Dance created an innovative e-bike subscription service to help people get around while keeping the planet in mind. Great work happens on Mac. (apple.com),apple,0,0
Unfair. (v.redd.it),Instant-Highlights,1134,113
"Express poll, found at the bottom of an article not about the BRF, on whether TW should write a book (screencap taken at 10:37AM Eastern (US) time on Saturday, December 9, 2023). It seems a lot of people have no interest in hearing ""her truth""!News/Media/Tabloids (i.redd.it)",RBXChas,148,71
"Terry McCarthy was only 6 years old when he suffered from 3rd-degree burns to 70% of his body, Despite that adversity, he become a firefighter Favorite People  (i.redd.it)",RevolutionaryTell668,1539,47
My boss wanted me to make an infographic. How‚Äôd I do? (redditforbusiness.com),RedditforBusiness,0,0
5th time CAQ invoke closure...Doesn't feel very democratic?MTL jase (self.montreal),SexyLikeSatan,17,23
Ukrainian soldier with the call sign Barbie talks about the BradleySocial Media (v.redd.it),TotalSpaceNut,1714,125
[david] Our CBC photographer Evan Mitsui is messaging me from Pearson Airport right now. He confirms new reports that Ohtani was NOT on the private jet. It was in fact carrying Canadian businessman Robert Herjavec and his family. (x.com),Stock412,3286,414
young dabo reacts to carti posting him üò≠General (v.redd.it),ksifan____,542,37
Someone please give me a real talk before I buy these fabrics.Fabric Question (old.reddit.com),burgerinmypouch,318,94
"TIL Canton Avenue in Pittsburgh, PA is the steepest officially recorded street in the United States, boasting a 37% grade in its hill. (uncoveringpa.com)",Flying-Mollusk,764,56
"At 5:25 this morning Canada's House of Commons voted on a $500,000,000 item for more military assistance to Ukraine.Video (twitter.com)",nimobo,168,286
Trump Rants Late Into The Night ‚Äî About How He TOTALLY Meant To Keep Not Knowing Who President Is (mediaite.com),Unhappy_Earth1,379,52
Any difference besides the looks?Question (i.redd.it),Formal-Formal3713,275,95
What's one gamer tag you saw online you will never forget? (self.gaming),Dyde21,5358,5933
Walk Underwater (v.redd.it),Acephaliax,32.1k,546
"Dominion awaits, come be a hero! Like the man said: heroes get remembered, but legends never die. Step up to the plate in Hero Wars and start swinging! (hero-wars.com)",HeroWarsDominionEra,4,22
Our CBC photographer Evan Mitsui is messaging me from Pearson Airport right now. He confirms new reports that Ohtani was NOT on the private jet. It was in fact carrying Canadian businessman Robert Herjavec and his family. (x.com),Colbym72,652,149
Evidence that undermines Harry's story that he was cut off by the RFNews/Media/Tabloids (self.SaintMeghanMarkle),Mistressbrindello,208,114
Justin Trudeau is playing a mobile game. MPs are dozing off. Here's why politicians are enduring a marathon Parliament sessionPolitics (thestar.com),PoliticalOntarian,533,518
[Post-Match Thread] Eintracht Frankfurt 5 - 1 FC Bayern M√ºnchenPOSTMATCH (self.fcbayern),julesvr5,0,134
"Germany's Olaf Scholz: ""Germany won't stop supporting Ukraine and Germany will have to do more if others waver! We send a clear message to Putin - We will not give in! ""Media (v.redd.it)",VR_Bummser,0,80
I honestly thought on this the moment I saw the article.Meme (v.redd.it),DeusVult47000,2466,19
Combien gagnent vos √©lus municipaux?Politique (journaldemontreal.com),DecentLurker96,19,15
New employee tries to make a sale under pressure from boss (v.redd.it),MarkusGronholm,1403,347
I believe that's what you call ‚Äúobservational humor.‚ÄùSeason 1 (i.redd.it),GudgerCollegeAlumnus,879,30
An absolutely buttery one from this US Airways A330 pilot from back in the dayDiscussion (v.redd.it),HelloSlowly,906,57
"Every scene, plot, wardrobe, dialog, etc in Seinfeld is done twice [detailed evidence inside] (self.seinfeld)",DrSatan420247,0,173
"Toyota Crown. A hybrid electric vehicle with sleek, sophisticated style and a higher ride height. (toyota.ca)",Toyota_Canada,0,0
"Zion Williamson ‚Äòdoesn‚Äôt listen‚Äô to Pelicans‚Äô continued requests to take diet, conditioning seriously: reports Basketball (foxnews.com)",AcademicPattern2737,0,38
I would vote for him ü´° (i.redd.it),Ok_Syrup_1183,4041,12
TIL that Michelle Mylett aka Katy from Letterkenney was a BC Lions cheerleader. LIONS (en.m.wikipedia.org),biga204,83,18
Man I honestly feel bad for the kid lolWARNING: BRAIN DAMAGE (v.redd.it),Radiant-Mobile5810,3948,197
Le tweet de Sonia Lebel fix√© par u/terablast (i.redd.it),DEPICTION_OF_LIFE,0,13
Rate my merge [OC]OC (v.redd.it),ltcarter47,3929,845
How to improve employee retention (quickbooks.intuit.com),QuickBooks_Canada,0,0
The homeless guy is making more than me (v.redd.it),Technical_Ad_1342,3509,125
Had a homosexual experience and regretted it (self.TrueOffMyChest),throwaway91817263729,435,352
T1 vs Paper Rex / AfreecaTV VALORANT LEAGUE - Playoffs / Post-Match ThreadPost-Match Thread (self.ValorantCompetitive),rib-gg-bot,200,66
What is one line people say that annoys you right away? (self.AskReddit),Individual_Sky_7264,281,1188
BDE (big drunk energy)Attention WhoreingüôÄ (v.redd.it),couchpro34,88,158
Game Thread: Minnesota Wild (9-11-4) at Edmonton Oilers (10-12-1) - 08 Dec 2023 - 07:00PM MST[GDT] (self.hockey),GDT_Bot,28,1012
Brawl Talk Recap! Overview of 3 months of Content!Official News (self.Brawlstars),zigzarlu,297,246
Paris in LoveBeverly Hills (self.BravoRealHousewives),Wonderful_Habit1871,69,92
My cat hisses at black people‚Ä¶im really not joking wtf can i do?Advice (self.cats),throwawayacc748393,200,59
Mick Fullerton saves an Eastern Shingleback Skink (v.redd.it),westcoastcdn19,11.0k,226
Italian grandmother who has lived in UK for 42 years told to leave by Home Office (news.sky.com),Apprehensive_Sleep_4,216,44
"[Request] assuming you knew the solution, how many unique passwords would there be? (i.redd.it)",MustachedSquirrel,13.7k,282
"Hi, I‚Äôm Money. Right now, I can work harder for you with one of Canada‚Äôs best High Rate Savings Accounts*. (hsbc.ca)",hsbccanada,0,14
"Biting is underutilized when humans fight, compared to other animals (self.Showerthoughts)",TheLawnStink,571,123
It's okay to be horny on main as long as you're being ethical and not degrading about it.Politics (i.redd.it),euification,1157,63
Anon found the best jobGreentext (i.redd.it),AverageGroundwork,1231,13
Maybe maybe maybe (v.redd.it),indimac,2602,206
me_irl (i.redd.it),SudoSubSilence,7267,116
"She may as well tag Becky in this, she still has videos up of them talking about this date üôÑ (i.redd.it)",izobella_46,248,108
Meirl (i.redd.it),Fine_Business3520,1928,37
The US ambassador to the UN goes on his mobile phone as the Palestinian ambassador speaks of the continued loss of innocent lives from the slaughter in Gaza.POLITICS & CONFLICT (v.redd.it),hunegypt,844,67
‚ÄãBREAKING: Alex Jones to be reinstated to XThe Literature üß† (postmillennialnews.com),cillianmurphy2022,516,566
What is the most evil fake corporation from a movie/show or video game and why?Discussion (self.movies),Pinball_Tourist,122,240
Was my FB friend‚Äôs post anti-Semitic and was I right to be offended by it?Antisemitism (self.Judaism),DondePutasos,216,87
PatrickStarr gifts One/Size employees with ‚Äúpersonally designed‚Äù AI artTHOUGHTS???? (i.redd.it),roxettexoxo,128,61
My boss wanted me to make an infographic. How‚Äôd I do? (redditforbusiness.com),RedditforBusiness,0,0
He confirmsImage (i.redd.it),unforgettable023,638,74
When the Canucks play on a Saturday nightJOHN AND JOHN (i.redd.it),BryanAKADJ,77,8
"I bought 7 bottles and 1 box of wine at the liquor store, and was charged a deposit on all 8. Am I supposed to return the box?Question (i.redd.it)",BoneSetterDC,0,24
"[Azarly] D‚ÄôAngelo Russell says the $500,000 In Season Tournament Championship winnings would pay for his next two summer vacations, maybe even the All-Star break. (streamable.com)",UnbiasedNBAFan_,2258,838
Jaime pull up that tweet by ninja about keemstar being a bald.. well you know. It's always green.GTA (i.redd.it),euification,1114,45
Not all hero‚Äôs were capes (i.redd.it),SoulfulDemeanor,1337,9
Challenge accept√©√âcrapou (i.redd.it),BBAALLII,174,70
"Puff warning: ""Meghan Markle's involvement in Royal race row will be 'quickly forgot‚Ä¶ALLEGEDLY (archive.ph)",ValuableEfficiency23,51,90
"Girls, what isn't nearly as attractive as lot of guys think it is? (self.AskReddit)",Ugliest-Mod-Ever,0,106
"The accept the order and tie up the money but make it unavailable to pick or ship to any address. Not home, post office, po box, business address. (old.reddit.com)",Monkdiver,652,86
"Scotsman Angus MacAskill, the world‚Äôs largest non-pathological human to ever live. 8 ft tall with an 80 inch chest, MacAskill was able to lift a 2,800 lb ship's anchor to his chest and hold over 250 pounds with only three fingers. Here he is pictured standing next to friend that is 6'5""Image (i.redd.it)",drkmatterinc,0,69
"Sell your products online, but share your inspirations, opinions, and points of view, too. Los Angeles-based furniture designer Lulu LaFortune is reaching customers all over the world with her work, using Squarespace. (squarespace.com)",officialsquarespace,0,0
[MIN 2-(2) EDM] Connor McDavid ties it back up. 3 goals in the first 81 seconds of the 2nd period. (streambug.io),AliseAllshouse,309,68
The perfect opportunity to use this GIF (v.redd.it),Dark_Wolf04,47.6k,552
Husband will leave me if I don't lose weight ( not op but that's just insane) (i.redd.it),dizzea,374,247
"""I wanted to stay"": Yuta Watanabe was devastated to leave the RaptorsINTERVIEWS (dailyhive.com)",InTheShapeofButter,0,5
Is my bedroom childish?Advice (old.reddit.com),Justinneon,0,103
He reached mach7 in 5 secondsbig dong energy  (v.redd.it),SumneOndHakbekalva,2725,58
"Arsenal XI vs. Aston Villa: Raya, White, Saliba, Gabriel, Zinchenko, Rice, Havertz, Odegaard, Saka, Martinelli, JesusOfficial (twitter.com)",kipsta23,0,197
It‚Äôs not wrong to go to a session and actually expect to play.Table Disputes (self.DnD),Dramatic-Emphasis-43,464,183
BOOK YOUR UPDATED COVID-19 SHOT You don‚Äôt want COVID-19 tagging along on your dream vacation. Book your updated COVID-19 shot today. (spikevax.com),spikevaxca,0,0
"Maybe not the right sub, but any advice on how I can fix my bed frame?help (i.redd.it)",hansolo3008,124,111
I was one of the early reporters of the plane leaving LA today. I feel guilty and need to vent with you all. (self.Torontobluejays),producerjb,399,185
I am sick of being dunked on by previous generations for being lazy and entitled and now newer generations are reprimanding us for being bad parents?Rant (self.Millennials),SeniorFlatworm5,805,571
Almost 15 years nowMeme (i.redd.it),DivineTomelette13,1837,57
How to improve employee retention (quickbooks.intuit.com),QuickBooks_Canada,0,0
What‚Äôs the line/phrase from the show you constantly say IRL? Shower Thoughts  (self.trailerparkboys),---FidelCashFlow---,45,209
They Are Taking the Video Game Industry to Strange New Places. (i.redd.it),GiraffeWeevil,1026,125
TH16 Sneak Peek #4 - We Are ROOT...Rider.SUPERCELL RESPONSE (self.ClashOfClans),ClashOfClansOfficial,321,254
"Carti uses 2 phones, one phone uses bold text (1st and 3rd) and the other one uses normal text (2nd and 4th).Image (old.reddit.com)",unforgettable023,910,43
"Geoff Keighley: I do agree that the music was played too fast for award winners this year, and I asked our team to relax that rule as the show went on. While no one was actually cut off, it‚Äôs something to address going forward. (twitter.com)",Turbostrider27,427,109
Meirl (i.redd.it),Reddituser0346,24.3k,508
3 days ago motherbus admitted her family has moved to BrazilMother Bus (old.reddit.com),Michele_Ma_Belle,413,176
Interesting RDS comparison of Slaf vs. Byfield after 65 games (i.redd.it),fortytwoanswers,0,22
Exactly!!! Thanks for proving the point. üá≤‚ÄãüáÆ‚Äãüá∏‚Äãüá®‚Äã (i.redd.it),ZigzagTerry,6095,45
Hool holup  (v.redd.it),Rare-Ad3034,1886,61
"[Yahoo News - Japan] Roki Sasaki has requested to be posted by the Chiba Lotte Marines - While highly unlikely, the Marines do have the opportunity to do something very funny. (twitter.com)",Cre-Fiddy,0,58
"Toyota Crown. A hybrid electric vehicle with sleek, sophisticated style and a higher ride height. (toyota.ca)",Toyota_Canada,0,0
"Contrary to the sub name, Megan had too many eggsOther review (i.redd.it)",CorvidiaPex,425,31
Oklahoma QB Dillon Gabriel transfers to OregonRecruiting (self.CFB),Notre_Dame_Football,733,505
"[Codify] 44+ homers, 20+ steals, 8+ triples in an MLB season: Willie Mays, 1955 Shohei Ohtani, 2021 Shohei Ohtani, 2023 (twitter.com)",Jeff_Banks_Monkey,0,34
[Highlight] Jaylen Brown receives two quick technical fouls and get ejected from the gameHighlight (streamable.com),fbreaker,2637,530
Update to the weirdo(s) lurking outside my house (self.TwoXChromosomes),mariah808,806,56
That one is excellent! (i.redd.it),urosrgn,0,10
"[Morosi] Sources: Shohei Ohtani is en route to Toronto today. A representative of his agency, CAA, would not comment when asked about Ohtani‚Äôs travel plans. At this hour, Ohtani does not have a signed agreement with any @MLB team. @MLBNetworkMisleading: Posted retraction (x.com)",Knightbear49,1061,455
Inside the closed-door meeting where Tuberville caved (politico.com),RosetteNewcomb,717,85
All the kombuchas exploded! (old.reddit.com),Commandersilv89,6145,234
Flate Earth (i.redd.it),Meaglo,878,125
their gonna do exactly what you think their gonna do (i.redd.it),UrNotBetterThanMe,1039,58
Tracking the Actual Credentialled Reporting on Shohei Ohtani (self.Torontobluejays),bichettes_helmet,402,208
Crazy open world sandbox RPG created by a solo developer (store.steampowered.com),tinyBuildGAMES,1597,220
meirl (i.redd.it),Mansa-LI,4816,23
USA Will Invest in High-Speed ‚Äã‚ÄãTrain to Fight Climate ChangeTransportation (raillynews.com),Yogurt789,1253,231
My boss wanted me to make an infographic. How‚Äôd I do? (redditforbusiness.com),RedditforBusiness,0,0
Frustrating experience on car accident (self.kitchener),Aromatic_Ideal7869,7,21
[Match Thread] Aston Villa vs ArsenalMatch Thread (self.avfc),SecretApe,0,273
Donnie DunaganHistory (i.redd.it),Green____cat,2341,17
I found the whitest tiktok ever madeCringe (v.redd.it),screenshotofdispair,0,77
"TIL that when Wyoming was going through the process of becoming a US state in 1890, the state demanded that women be given the right to vote. The US Congress denied this request. The state replied by saying that they'd ""remain out of the Union one hundred years rather than come in without the women"" (en.wikipedia.org)",Blackraven2007,3253,84
"This bun deserves attention: It's the bun that represents all buns on the rabbit Wikipedia page with his image. I do not know who this bun is, who its hooms are, but I believe this bun represents bunkind perfectly (i.redd.it)",Zyrina,658,29
"""Maaa! Don't forget to cut the sides off the PB&J!!!""Look ma! No pp (i.redd.it)",E1ON_io,4795,201
One Piece without contextANIME (i.redd.it),Siribreja,1246,112
Her coconut cutting skillsMiscellaneous / Others (v.redd.it),mommy101lol,22.7k,747
A mother isn‚Äôt happy after being stopped by a Tesco worker in the UK after shopping. (v.redd.it),Smilingtribute,631,339
I FINALLY FOUND HER GUYS!Discussion (old.reddit.com),MadHanini,486,70
"Male coworker got mad that I didn't want to take over his responsibilites because he ""wanted to do more fun stuff at work"" (self.TwoXChromosomes)",Birdfreak123,174,16
"Sell your products online, but share your inspirations, opinions, and points of view, too. Los Angeles-based furniture designer Lulu LaFortune is reaching customers all over the world with her work, using Squarespace. (squarespace.com)",officialsquarespace,0,0
"[yakyucosmo] Jon Morosi made a mistake and it will follow him for a long time, but it shouldn‚Äôt take away from his great efforts to promote international baseball over the years. He‚Äôs done more to get international baseball recognized than any MLB reporter and has always given NPB respect. (x.com)",ogasawarabaseball,389,103
Why aren‚Äôt going to have one at Launch?Serious Discussion/Question  (i.redd.it),KingFahad360,0,62
üòÜ It's like asking a lady with multiple breakups for advice for long-lasting relationship (i.redd.it),Head_Estate_3944,494,185
North Korean charges for artillery shells photographed by a Russian soldier and uploaded to Telegram with a description of the deficiencies and problems experienced. More details in comments.Photo (old.reddit.com),tractoroperator77,1492,262
"Joe Rogan blasts Trudeau's ""s***hole communist government"". ""I don't go up there anymore ... That place needs 100%, an overhaul of government""Video (v.redd.it)",lh7884,747,1459
"PL Rival Watch Thread (December 9th, 2023)Premier League Watch Thread (self.LiverpoolFC)",DragonSlayer271,78,1504
I‚Äôm at my wits endDiscussion ‚ùì (i.redd.it),Chloemarine7,579,108
Google Translate strikes againMeme (i.redd.it),dralcax,1997,60
"Maybe silly question, but HOW should I water these plants without getting on the electronics? (old.reddit.com)",DumplingSama,290,120
"Millennials are the most housing-obsessed generation, BofA survey shows‚Äîit‚Äôs a sign the prosperity of their parents has bypassed themDiscussion (self.Millennials)",Ethal-gas,603,304
"""He was an outspoken advocate for justice""Politics (i.redd.it)",wordfish1827,564,105
Boss told me to start trying keys til I find the right one (i.redd.it),WrongdoerWilling7657,819,250
Making fun of black person = racsism!1!! (i.redd.it),DiyaRasy,812,118
My boss wanted me to make an infographic. How‚Äôd I do? (redditforbusiness.com),RedditforBusiness,0,0
Scientists can now pinpoint where someone‚Äôs eyes are looking just by listening to their ears: a new finding that eye movements can be decoded by the sounds they generate in the ear reveals that hearing may be affected by visionEngineering (today.duke.edu),giuliomagnifico,966,71
Quit my life sucking 9-5 to be an artist‚úÖ Success Story (i.redd.it),AddyArt10,847,54
How come nobody talks on OSRS anymore?Question (self.2007scape),ardillomortal,124,281
"[Davidi] Latest Blue Jays, Ohtani frenzy shows dangers of unchecked gossip (sportsnet.ca)",No-Situation-3426,304,141
White House: Costs of not supporting Ukraine too high to payRussia/Ukraine (kyivindependent.com),blllrrrrr,841,84
With the cold weather and homeless dying why don't Churches allow for refuge from the cold? (self.halifax),GlurpGloop,0,92
Why do you defend this game? (self.NoSodiumStarfield),South_Opening9607,0,153
The 4.3 QoL updatesDiscussion (self.Genshin_Impact),daici_,322,98
Shirako (fish sperm) anyone? Usually eaten raw (i.redd.it),airwarr,307,87
[Highlight] Powell's entire body weight falls on Kyrie's legHighlight (streamable.com),Kazekid,979,199
Fuck this stupid teamRANT! (self.torontoraptors),6jelly,121,140
What absurd advice did your grandfather give you that turned out surprisingly true? (self.AskReddit),SquashOk4291,1301,677
"Sell your products online, but share your inspirations, opinions, and points of view, too. Los Angeles-based furniture designer Lulu LaFortune is reaching customers all over the world with her work, using Squarespace. (squarespace.com)",officialsquarespace,0,0
Watching ESPN try to clean up their mess the last few days has been fascinatingDiscussion (self.CFB),Trey904fsu,1074,767
UnbelievableüôÑ. I laugh at this shit every time I watch it.Video (v.redd.it),Chriscringal666,282,127
Ukraine‚Äôs first lady warns of ‚Äòmortal danger‚Äô if West backs down over supportRussia/Ukraine (standard.co.uk),newnemo,806,52
OUR YOUNG PRINCE HAS DONE ITGoal 2023/24 (v.redd.it),OkIncident6977,1383,60
"United XI vs. Bournemouth: Onana, Dalot, Maguire, Shaw, Reguil√≥n, McTominay, Amrabat, B. Fernandes (C), Antony, Garnacho, Martial [EPL Matchday 16, Old Trafford]ManUtd.com (manutd.com)",LebHeadSinceWilma,162,229
The Last of Us TV Series Reportedly Casts Its Abby Role Article or Blog (gameinfinitus.com),theitguyforever,349,228
"Today in the mail, waited for around 3 years.Photos (i.redd.it)",derHusten,498,57
Hiring Darko over Jordi Fernandez was a mistake.ANALYSIS (self.torontoraptors),redux09,0,43
"It now costs more to afford basic necessities in Calgary than in Vancouver, Toronto: StatsCan - While Albertans earn higher median income they also experience higher income inequality, say expertsAnalysis (cbc.ca)",FancyNewMe,0,16
Always play the victim when things don't go his way. It‚Äôs always someone else‚Äôs fault. (i.redd.it),emilyblunt2023,3930,219
"Since 2016, only a whopping 34,990 immigrants went into construction. (old.reddit.com)",siopau,569,453
Cursed big brain (i.redd.it),Nocare420,8817,134
Starbucks/Chipotle in MeadowlandsGood News! (self.Hamilton),british13,23,34
"Code in Node.js, Java, Python, and other open-source languages. With Azure, you can build how you want and deploy where you want to. (azure.microsoft.com)",Microsoft_Azure,2,0
From the soccer community on Reddit: [Eduardo Hagn] Bruno Fernandes just got booked unprovoked for protesting and will miss the game vs Liverpool. (reddit.com),chipzy20,0,63
Gazelle fawn getting eaten alive by a BaboonGraphic (v.redd.it),Dacnis,500,79
Can someone explain what is happening here?Fashion & Style - No Body Shaming (i.redd.it),C-La-Canth,50,81
Our cat clearly thinks she‚Äôs a dog ... (v.redd.it),SortOdd9799,2365,30
Huh?...Huh??... WHAT?!?Sims 4 (i.redd.it),Time_Apricot,1600,115
[Herjavec] I‚Äôd like to thank the @bluejays organization for signing me today!Image (instagram.com),aresef,2430,91
and then The Dark Gooner steps in to fill his place (i.redd.it),immuniteo,5402,535
New MUSIC videoVideo (v.redd.it),Subject-Property-343,2823,529
The cruelty is the point (i.redd.it),ExactlySorta,3590,153
Sad Howerton (from Rob's Instagram)Video (v.redd.it),ReeesesPuffs,4252,305
Had me in the first half (v.redd.it),JessieJoJoan,2799,58
My boss wanted me to make an infographic. How‚Äôd I do? (redditforbusiness.com),RedditforBusiness,0,0
Some games are guilty of constantly saying dialogue that is entirely unrelated to the dialogue option you chose. Which game is the most guilty of this? (self.gaming),overcloseness,1345,198
"Former enemies, now buddies... former champ Anderson Silva and Undisputed Champ Chael Sonnenüí© (i.redd.it)",zoolandermagnum,931,139
"[Morosi] Today, I posted reporting that included inaccurate information that Shohei Ohtani was traveling to Toronto. I regret the mistake and apologize to baseball fans everywhere. I am deeply sorry for letting you down. (x.com)",PlayaSlayaX,2192,358
I've got an empty stack and no matches (old.reddit.com),Carpetdms,590,532
What is Markle‚Äôs personal brand?Fashion & Style - No Body Shaming (self.SaintMeghanMarkle),WorthSpecialist1066,167,143
[Smackdown Spoiler] Wrestler makes reference to past incident (twitter.com),shadow_spinner0,1203,627
"Are there any bands you like instrumentally, but the vocals ruin it for you? (i.redd.it)",BlackMetal146,88,352
HOF or current players who had no hype around them? (self.baseball),HopefulVolume369,0,45
Hyped asf for 1.05 patchMeme (i.redd.it),Iguazuposting,586,56
Crystal Palace 1 - [2] Liverpool - Harvey Elliott 90+1'Goal 2023/24 (dubz.link),PSGCampus,563,79
"One of the last ever images of Kurt Cobain, lead singer of grunge band Nirvana. Taken March 12, 1994, just 8 days after he overdosed in Rome and 23 days before he fatally shot himself in his home. Cobain is on the left, in blue sunglasses.CELEBRITY (i.redd.it)",orbeinYT,947,108
Meirl (i.redd.it),SaltEvidence3839,1043,47
"Toyota Crown. A hybrid electric vehicle with sleek, sophisticated style and a higher ride height. (toyota.ca)",Toyota_Canada,0,0
New ork confirmed!GW Official News / Update (old.reddit.com),Weslone,472,103
Alisson today and everydayMeme (i.redd.it),whoaaa_O,1707,62
Treat yourself to J.P. Wiser's 10-Year-Old ‚Äì a Canadian whisky a decade in the making. Now that's Wisely Done. (jpwisers.com),jpwisersca,13,0
"If you could listen to one album again for the first time, which one would it be?discussion (self.Music)",vinneax,124,312
"Just remembered this strip, which also suggests that Hobbes predated Calvin (i.redd.it)",SenseiCAY,489,28
Self good (i.redd.it),ContinuallyDouble,2045,23
Matchmaking has destroyed this gameDiscussion (self.ModernWarfareIII),CODplaya44,122,364
Ian miles cheong upset that Grok isn‚Äôt transphobic üòÇCult Alert (i.redd.it),Rph23,494,69
"Up to 800,000 Russian citizens illegally arrive in Crimea during its occupationRussia/Ukraine (pravda.com.ua)",Kimber80,1835,217
C-Man leaves comments on Reddit saying he did NOT want to share his nudes with Ethan and was ‚Äúput off‚Äù by him asking (i.redd.it),DaddyMhmmm,345,75
the benign horror of a writing promptCreative Writing (i.redd.it),Hummerous,0,33
The Ontario government's ad campaigns: Legal? Yes. Dodgy and partisan? Also yes | TVO TodayArticle (tvo.org),Jetboater111,90,8
Observing tumblr in their natural habitatShitposting (i.redd.it),weird-bugs-on-the-in,3193,24
"And with that, Elon Musk abandons the last real principle he had. For money. (old.reddit.com)",speterdavis,1329,127
Full send (v.redd.it),MassiveAmountsOfPiss,4831,238
"Taking foster kitten to adoption event this morning in Corvallis, MT. I hope she finds her furever home!OC (i.redd.it)",flacidfeline,985,23
See how Gradey Dick celebrates when the Raps hit 12 3‚Äôs in a game and you score free medium fries w/ purchase*. *Min $3 pre-tax purchase required. In one game. Valid the day after the game 11am-4am at participating restaurants in Ontario and Atlantic Canada. App download and registration required. (mcdonalds.com),McDonaldsCanada,0,0
Which airline would you trust (the most) to fly out of Pearson on Christmas Eve? (self.askTO),Flaky_Candy_5694,24,69
gitHubWrappedMeme (i.redd.it),VitaminnCPP,5083,59
What‚Äôs your hot take or controversial opinion about this masterpiece? (i.redd.it),HopScotchyScotch,52,151
Vegas odds for The Simpsons episode ‚ÄúWho Shot Mr. Burns?‚Äù (1995) (i.redd.it),Seraphenigma,2569,138
Climate Change? (i.redd.it),Interesting-Ask9535,1231,255
La Presse Canadienne ¬´Taxe orange¬ª: les oppositions accusent la CAQ d‚Äô¬´hypocrisie¬ªPolitique (msn.com),Massive_Bus_2919,29,9
"86 years after Nazi sirens, Gernika echoes sirens for the Israeli Gaza genocide. (v.redd.it)",justmo17,1821,78
Skating in the Forest (i.redd.it),kyakyakyakyakya,71,10
What will it take to get people to go out in the evenings? (self.NewWest),chaz-the-whaz,1,24
Uh‚Ä¶8 year old me would like to disagreeFound On Social media (i.redd.it),JanusIsBlue,186,67
finding out the makeup I purchased over a year ago wasn‚Äôt authentic (i.redd.it),a_thicc_sock,2508,152
The truth (i.redd.it),moodylikesbayete,8416,119
"We help small businesses to fend off cyberattacks through tools like Gmail, which blocks 99.9% of phishing attacks automatically. (g.co)",google,0,0
Canada's surging cost of living fuels reverse immigration (self.CanadaHousing2),Gerry235,0,19
"Lost to Miami without bam and hero, lost to hornets without lamelo ball. This team is fully healthyRANT! (self.torontoraptors)",hoennking502,275,73
"Blueface claims he ran a DNA test on his son Chrisean Jr., whom he had with Chrisean Rock. He says the results show he isn‚Äôt the father.Problematic Plus One ü´† (i.redd.it)",Plane_Repair,57,52
"OpenAI cofounder Ilya Sutskever has become invisible at the company, with his future uncertain, insiders sayBusiness (businessinsider.com)",Inevitable_Pomelo_,2145,225
Not from memes op didn‚Äôt find funny but I just wanted to point out this bigotrytransphobia (i.redd.it),Ya_girl_Ashley1217,0,210
Tree weighs in on the recent dramaDrama (i.redd.it),hitdamiss43,763,57
"If you could write new laws that came into effect immediately, which new ones would you write?Alberta Politics (self.alberta)",Cultural-Sprinkles83,42,148
maybe maybe maybe (v.redd.it),JulieSummerGile,1935,110
why dis the void change colour?Question/Request (old.reddit.com),Other-Traffic8876,357,75
I beat Devin Booker in a 1v1 but can‚Äôt seem to make a pro team. Advice? (self.nbacirclejerk),zprolgt,604,43
"B.C. premier calls out ‚Äòcorrosive‚Äô victim blaming, female shaming in recent court casesLocal News (vancouver.citynews.ca)",NSA-SURVEILLANCE,219,48
My boss wanted me to make an infographic. How‚Äôd I do? (redditforbusiness.com),RedditforBusiness,0,0
Manchester United have now lost more Premier League home games since Sir Alex Ferguson retired (35) than they did during his 21 seasons in charge of the club (34). [SQUAWKA on X] (twitter.com),dracogladio1741,0,48
Bookmarks are for the readers.Discussion (Non-question) (self.AO3),awaysawayaway,399,142
30 year fixed rate mortgage?Housing (self.PersonalFinanceCanada),drunkbeard69,0,53
Why do caregivers baby talk old people? (self.NoStupidQuestions),Cavanaughty,2209,490
Nimue has crossed the Rainbow bridge at 22. (i.redd.it),FoundationDirect7911,948,73
$BBBYQ CFDs showing back up on IBKRüöÄ Bullish (i.redd.it),weedsack,109,28
Tate McRae gets hit in the face by a sock during her show in LondonConcerts & Festivals üé§‚ú® (v.redd.it),Pizasdf,162,67
I‚Äôd like to share a story that I just experienced this morning on my way home from work if y‚Äôall would please take the time to read it below. It‚Äôs about a little black-beaned girl named Spirit. (Sorry for my face I was crying)Mourning/Loss (old.reddit.com),Adorable-Gate-2192,417,50
Kingsway Walmart lockdownGeneral (self.Edmonton),Striking-Helicopter8,118,123
Anti-Palestinian Racism in Canada (cjpme.org),definitelynotabotact,32,28
What episode was this?Image (i.redd.it),ithardtosay,200,56
"Dominion awaits, come be a hero! Like the man said: heroes get remembered, but legends never die. Step up to the plate in Hero Wars and start swinging! (hero-wars.com)",HeroWarsDominionEra,0,22
Was never a big card collector and forgot I had these.Art / Picture (i.redd.it),themaskedcanuck,42,18
Poilievre comments on two churches being set on fire in Alberta (i.redd.it),lh7884,320,287
Andy Dressed Like 2006 NickelodeonShitpost (i.redd.it),EyeAmNotMe,0,55
How to improve employee retention (quickbooks.intuit.com),QuickBooks_Canada,0,0
Joker's Romance routes by HeiispoonIMAGE (old.reddit.com),obsidian-lord-22,913,37
My husband is embarrassed to be seen with me in public (self.confessions),-KneeGrow,67,109
How to survive Montreal‚Äôs cold winter?Question MTL (self.montreal),Soloship22,82,262
"Well, you have to test every filament somehow, right? (i.redd.it)",realquietkill,702,154
To prove your product has improved. (v.redd.it),KingFollet,6381,274
i thought this necromancy book was supposed to be powerfulAct 1 - Spoilers (v.redd.it),StevieSoldSoul,1499,76
Best quotes from Series 16? (self.taskmaster),letmeviewreddit,79,35
What are your opinions on The Heavy Update?Discussion (i.redd.it),Antartica_Beanie,894,97
A teaser for hotfix 1.0.1Image (i.redd.it),fennathan1,361,26
"Saved a girl from a homeless guy in April, i decided to get back into dating and asked her out but my games not there, any tips?(Story in comments) (old.reddit.com)",Glorious_Pumpkin,1124,219
Florida Joker now demanding 2 million dollars lolDiscussion (v.redd.it),Emotional_Snow_3222,2972,784
What Donald Trump's time in prison could look like (newsweek.com),BelleAriel,410,212
"From puck drop to the final buzzer, gametime is always better with your fave food and snacks in the lineup. Get ‚Äòem delivered with Skip. (skipthedishes.com)",SkipTheDishesCAN,0,0
"[Post Game Thread] The Oklahoma City Thunder (14-7) defeat the Golden State Warriors (10-12) in OT, 138 - 136Post Game Thread (self.nba)",IncaseAce,1126,419
üíÄüíÄüíÄüíÄbig dong energy  (i.redd.it),Uvalde-Cop,2242,31
Pre-Game Thread: Carolina Hurricanes (14-11-1) at Vancouver Canucks (17-9-1) - 09 Dec 2023 - 7:00PM PSTGAME THREAD (self.canucks),HockeyMod,12,30
"It's the offseason, so it's time to face the most lethal bullpen ever assembled. Let's play Winnie the Pooh's Home Run Derby! (disney--games.com)",ComfyGreenHoodie_,181,34
Grok is more lib-left than ChatGPTFunny (i.redd.it),True-Lychee,415,149
"First tattoo, what I asked for and what I got.. (old.reddit.com)",whoooknooowwwsss,506,29
Peak Character Development according to Mushoku Tensei FansRule 2 (i.redd.it),Sussy_Baka_1923,528,60
Gamers‚Ñ¢ try not to make up enemies in their head challenge! (GOTY Edition)CAPITAL G GAMER (old.reddit.com),WarlockoftheWitch,1335,98
"Why do you keep asking, why?UGC (i.redd.it)",RefrigeratorHot3959,1749,79
"We lost a child... As awful as it is to say it, I'm relieved.CONTENT WARNING: VIOLENCE/DEATH (self.TrueOffMyChest)",Emerald_Encrusted,3149,1593
"May 23, 2021 Cable car brake failure and crash at 100 km/h/62 mph Mottarone, Italy. 14 killedEquipment Failure (v.redd.it)",Proud_Bell_6879,317,40
European version of Cybertruck leaked (i.redd.it),rustyxy,2393,181
"If we can somehow get 1 of these guys by the deadline, I'll at least have some hope for the future.TRADE IDEAS (old.reddit.com)",WildReputation5965,38,67
My boss wanted me to make an infographic. How‚Äôd I do? (redditforbusiness.com),RedditforBusiness,0,0
New art for ‚ÄúSultai Ascendancy‚ÄùArt Showcase - Official Artwork (i.redd.it),EelisKyttanen,190,39
WCGW using a horse to carry a stretcher? (v.redd.it),ImSoSorryCharlie,607,117
"Since the dance studio names were such a hit, I present to you, Utah kids names in my son‚Äôs gradegeneral discussion (self.tragedeigh)",frvalne,1472,468
Want a drink?Cosplay (v.redd.it),iAguU,2804,57
"I ordered a medium rare wagyu from a fancy restaurant, I had to decline their offer to cook me a new one. (old.reddit.com)",NotAnas,8274,2032
What makes Eyja so resistant to Powercreep?Discussion (i.redd.it),Cornuthaum,901,183
What even is this mindset... The pink glow is fire afDiscussion (i.redd.it),Wazupdanger,445,282
Wolves vs Nottingham Match Thread (self.WWFC),natalo77,17,293
"Does anyone else find it interesting that Apollo 11 astronaut Neil Armstrong went to Ecuador after the moon landing in ""one of the largest and most expensive cave explorations ever undertaken"" to look for evidence of a lost advanced civilization?Article (thetimes.co.uk)",bmfalbo,1327,242
The time WWE referee Jessika Carr Stone Cold Stunnered Sami Zayn (v.redd.it),nocturnalfrolic,467,32
i thought it was pretty funnyGood facebook meme (i.redd.it),This-Yogurtcloset-96,602,178
Replace your notebooks with something smarter. reMarkable. The paper tablet. (remarkable.com),reMarkable-official,0,0
Found out the Creator of the OG Sentry Girl made an anime Fem-Pyro.Found Creation (i.redd.it),New_Board_3641,1096,95
My pocket knife and my wine have the same logoOC (i.redd.it),troomoo,699,27
üü£ The Interior Illusions Lounge | Satüìñ Dear Diary (self.SDRUntucked),AutoModerator,19,674
Auston Matthews play is unacceptable this year.Discussion (self.leafs),DevOpsMakesMeDrink,0,109
Baby's first Taylor Swift indoctrination üòçTAYLOR SWIFT STALE TOPIC ü§Æ (old.reddit.com),Silvertheprophecy,1337,196
GAME #22: TORONTO RAPTORS (9-12) @ Charlotte Hornets (6-13) - 7:00pm (EST) on SN1 -OFFICIAL GAME THREAD (self.torontoraptors),absolutkaos,17,1185
Trust the gut (old.reddit.com),Mansa-LI,2218,27
I can't stand straight men in gay bars either. (self.gaybros),manniefreshandfit,205,94
husband threw phone on ground (it shattered) instead of sharing who he was talking to (self.confessions),elainama,440,289
"Republican double standards: Exhibit Number 95,421 (i.redd.it)",Sayoria,3385,72
"[Matheson] I'll echo @ShiDavidi's thoughts earlier on @FAN590: We're seeing the difference between trailing gossip on Twitter and... how real journalism works. Ohtani covets secrecy. My expectation is that this will be reported as the ball crosses the goal line, not when it reaches the 20. (twitter.com)",sackydude,216,132
OrcsCreative Writing (i.redd.it),achromaticchrononomy,4549,110
Why does my oil have sparkles in it? (i.redd.it),ThroatOwn2683,124,158
"Est-ce que le savoir-√™tre, √ßa s'apprend (rapidement) ?Question (self.Quebec)",LunaticCalm29,24,25
Texas attorney general says he will sue doctor who gives abortion to Kate Cox (theguardian.com),Working-Day7713,1437,161
üî• waiting patiently üî• (i.imgur.com),My_Memes_Will_Cure_U,6424,184
My boss wanted me to make an infographic. How‚Äôd I do? (redditforbusiness.com),RedditforBusiness,0,0
I know it‚Äôs an unfair comparison but you can really tell at one point respawn was passionate about games (v.redd.it),Unlikely-Newt-5174,410,46
The darling Feo Ul[Fanart - Original Content] (i.redd.it),child-of-heart,593,35
MF knows I‚Äôm a lesbian üòëWARNING - Gross (i.redd.it),IdiotSquaredxyz,2607,593
Not a Canucks fan but this ensemble is on point!FAN CONTENT (i.redd.it),self_direct_person,68,18
Bleh gets flamed on live broadcast.Fluff | Esports (clips.twitch.tv),HibeE_Ahri,0,46
The grind was worth it lolHumor & Memes (i.redd.it),Dymdolc,2054,159
‚ÄòHeartbroken‚Äô: Pickering student speaks out after yearbook message honouring grandma replaced with racist slurDiscussion (cp24.com),Suspicious_Kale5591,8,18
Scarface at 40: Why is Al Pacino‚Äôs murderous kingpin still so idolized?Article (theguardian.com),Bullingdon1973,0,48
Dog shelter near the meat store (v.redd.it),smoussie,2785,46
"Sell your products online, but share your inspirations, opinions, and points of view, too. Los Angeles-based furniture designer Lulu LaFortune is reaching customers all over the world with her work, using Squarespace. (squarespace.com)",officialsquarespace,0,0
Maybe maybe maybe (v.redd.it),Micheletyta,1135,80
Puzzles Are Very Fun! (i.redd.it),alexand3rl,4208,24
"Urgent - small baby from a mum I've been trying to trap, do I give baby back to her or look after him?Advice (old.reddit.com)",cekay3,8352,292
True highlight of the Game Awards (i.redd.it),Emotional_Snow_3222,13.0k,86
Why do some feminists have such an idealized view of Gaia ? (self.AskFeminists),Winter_watery125,0,69
Why am I crying in the club rn?Humor (i.redd.it),RaspberryFanta,579,73
carti acknowledging ken carson‚Äôs existence ü•∫ü•∫OPIUM* (v.redd.it),immimmimmi,0,17
Israeli Defense Minister cites indications that Hamas 'is beginning to break in Gaza'Israel/Palestine (timesofisrael.com),HariSeldonOlivaw,2624,661
Baby goat feeding time! (i.imgur.com),My_Memes_Will_Cure_U,6554,125
I noticed a pattern with Crishelle & MarySeason 7  (self.SellingSunset),imagineDoll,30,55
Vanilla Coke by the Case?Looking for... (self.ottawa),Epidurality,27,36
Single men are bitter. I wonder why?Debate (self.PurplePillDebate),AdEffective7894s,20,216
Got asked in an interview if I was ‚Äúsensitive‚Äù (self.antiwork),SweetSwords,1024,80
"Yeah, look it up on Youtube shortsMeme (i.redd.it)",AfiqMustafayev,547,45
Kids are bloody expensive (i.redd.it),beerbellybegone,0,34
the potato . || cw: ..racismInfodumping (i.redd.it),Hummerous,0,25
I feel emptynull and VÕíÕãÕ£ÕåÕÇÕÄÕúÃúÃ±ÃòÕìÕÖÕàoÃìÃàÃáÃÇÕÖÃ≤ÕïÃ≠ÃºÃ•Ã≥ÕàiÕõÕóÕ©ÕõÕõÃÑÃÄÕäÕúÕùÃ®ÕôÃ¨dÃãÕåÃ∏ÕöÃØÃ™Ã≥ (v.redd.it),King_rizvi80,2337,63
One of my professors has been participating in a game with the class all semester and he doesn't know it... (self.TrueOffMyChest),TheBronzePrincess03,3618,80
[New FINAL Update] My boyfriend and our circle of friends pranked me on my birthday and I ghosted them because of itRelationships (self.BORUpdates),NosferaTouffe,179,46
"I just backpacked to Algonquin's pinnacle point, the highest point in the park (old.reddit.com)",JamesonLKJ,70,9
Check out our top 5 bases of the week in Icarus! Which one do you think is the most impressive? (store.steampowered.com),Rocketwerkz_,0,7
HELP I fell for the WFG scamMisc (self.PersonalFinanceCanada),LevelSuspicious5102,278,188
"My God, he's right (i.redd.it)",professional-alt-92,2988,53
"Bro has 500k people here for him, we need to be reposted on his IG. We deserve it.General (self.playboicarti)",ASAPTACI,388,31
Emily gets asked out by some nice guys ExtraEmily | Just Chatting (clips.twitch.tv),r2002,934,275
The New Edmonton Fast Food Dining ExperienceGeneral (self.Edmonton),TacosAreGooder,119,50
Need an opinion...Is this gift-worthy? (old.reddit.com),lurkybrain,336,60
US vetoes UN resolution calling for Gaza ceasefireIsrael/Palestine (semafor.com),semafornews,12.2k,2484
People who need a title (i.redd.it),Hedgehog_of_trust,5755,61
Most upvoted comment partitions that country between neighbours (i.redd.it),cantrusthestory,642,204
Mans on the grindüëë  KING  üëë (i.redd.it),LovecraftianGecko555,1653,59
"Caricature on Israeli-Palestinian conflict, 2014Palestine (i.redd.it)",Twisted_Dummy,606,142
AITAH for asking a family to leave our party five minutes after they arrived? (self.AITAH),Interesting-Dig2824,1036,264
"With the next generation of smart glasses from Ray-Ban & Meta, you can enjoy crystal-clear sound, while still hearing the world around you. Available now. (meta.com)",raybanmeta,0,0
omg that's so cute and sweet (v.redd.it),punch_White,1248,23
Who is the one F1 driver in your opinion who had plenty of talent but was wasted due to bad switching b/w teams??apart from the obvious..üëÄF1 JoUrNaLiSt (i.redd.it),Ecstatic-Abalone-970,683,196
"Chinese garlic is a national security risk, says US senator (bbc.com)",madcowga,2747,183
GPF Men‚Äôs FS Live Discussion ThreadLive Discussion Thread (self.FigureSkating),summerjoe45,21,1193
Is that the little girls birthday party lmao?Video (v.redd.it),Remo_yesman,2120,850
ü´®WARNING: BRAIN DAMAGE (i.redd.it),Error428,3482,140
IDF soldier destroys a convenience store for likes (v.redd.it),Hasu_Kay,4066,743
Grok another musk fraud? (i.redd.it),Watsil,496,49
"My kitten, Marasi, discovered what a Christmas tree was yesterday (old.reddit.com)",TheRedcrowradio,826,15
My boss wanted me to make an infographic. How‚Äôd I do? (redditforbusiness.com),RedditforBusiness,0,0
"Certains bl√¢ment l'avarice des proprios pour la hausse des loyers, mais cet article de La Presse r√©v√®le que eux aussi sont √©trangl√©s par la hausse des taux d'int√©r√™t et qu'ils perdent souvent de l'argent, ce qui les force √† augmenter les loyers pour ne pas faire failliteActualit√© (lapresse.ca)",kchoze,6,24
Intervene with Neighbors during a Domestic Dispute?Seeking Advice (self.Calgary),Plus-Activity-7489,50,32
Gas leak alter ego (i.redd.it),isloohik2,2342,23
Just more of the same shitMovies (i.redd.it),Revenacious,762,44
Has Meghan really distanced herself from ENDGAME or Quietly Supporting SCOBIE?News/Media/Tabloids (youtu.be),Meegainnyc,141,70
This update is gonna be fire broü§§ü§§ü§§ (old.reddit.com),Upbeat-Magician5882,616,72
[TAW] Bruno Fernandes suspended for Liverpool vs Man Utd.Rival Watch (i.redd.it),Ignatius_Reillys_Hat,0,63
"26F,introvert,never had a boyfriend, having a great day so far! Let's see if you can change that (old.reddit.com)",Trick-Union-8202,69,198
A parents trust is the most precious thing in the world‚ù§ Wholesome Moments  (v.redd.it),DemonLordDiablo1,1050,49
"[McGrath] Toronto‚Äôs front office has been quietly confident that its pitch was well-received by the reigning AL MVP, though multiple reports said Ohtani has yet to make his final decision. (theathletic.com)",EarthWarping,127,49
[Match Thread] Atalanta vs Milan (Serie A 2023/24 - Matchday 15)Match Thread (self.ACMilan),sport-scoreboard,31,719
[La Presse] Difficile de rentabiliser l‚Äôachat d‚Äôun plex√âconomie (lp.ca),jonatansan,13,6
When taking a flag you don‚Äôt agree with turns into a battle of the ladders (v.redd.it),RightRightRightSide,730,206
"Tyrese Haliburton: ""LeBron was my favorite player growing up. I was a Cavs fan, then Heat fan, then Cavs fan again, and then Lakers fan, before i got drafted. That's just how it went.."" (streamable.com)",arcelios,3341,330
Sask. farmer with disability says lack of easy-access dental coverage forcing him to go to Mexico (cbc.ca),Legal-Suit-3873,38,7
"LMFAO 4THOT gets downvoted, gets supa mad, permabans! LULWShitpost (old.reddit.com)",darkredplastic,1530,345
"Nazi depiction of America,1944United States of America (i.redd.it)",selinadgd53,805,170
What‚Äôd I do wrong (i.redd.it),Hot_diggity_pog,2789,588
Caution fellow swerts: this is what happens when you don't eat vibrational lunches and move your body with intentionHELTHü•¨ (v.redd.it),couchpro34,53,63
"Sell your products online, but share your inspirations, opinions, and points of view, too. Los Angeles-based furniture designer Lulu LaFortune is reaching customers all over the world with her work, using Squarespace. (squarespace.com)",officialsquarespace,0,0
I paid off a student loan and my credit went down 5 points (i.redd.it),SufficientAd2514,2647,501
How is Hydro One as an employer?Employment (self.ontario),Confused202301,18,15
"Canada's opposition filibusters overnight against PM Trudeau's carbon tax - ""We have successfully killed a day of government business,"" Conservative House leader Andrew Scheer told reporters (reuters.com)",green_flash,531,128
This is stressful for the parent AND the kid (i.redd.it),BPTeehee,0,22
"[DEC23] Doubled over in pain, and knowing something was terribly wrong, I once again pleaded with my husband to take me to the hospital. (self.TwoSentenceHorror)",trekkiegamer359,1522,27
My boss wanted me to make an infographic. How‚Äôd I do? (redditforbusiness.com),RedditforBusiness,0,0
[OC] [Art] Black Opal Dice Set Giveaway (Mod Approved)OC (v.redd.it),OriYUME1,1962,2481
The duality of the communityMEMES (i.redd.it),LogicalAd6394,920,146
Abandoned House in Ontario with Classic Vinyl and a VolvoPicture (old.reddit.com),Freaktography,699,120
"Unemployed partners, different backgrounds: where would you draw the line? LONG READRelationships & Money üíµ (self.MoneyDiariesACTIVE)",mohagenka,34,65
Who else got two Hermiones in their advent calendarAdvent Calendar (i.redd.it),Jurassican_25,314,39
"Researchers have discovered in mouse model that bacteria residing in the small intestines ‚Äî the gut microbiota ‚Äî produce a compound that protects against obesity, this shed light on how disturbances in the microbiota, such as early-life exposure to antibiotics, increase risk for childhood obesityHealth (news.vumc.org)",giuliomagnifico,933,52
Who you gonna call? (self.ottawa),MyLegsFellAsleep,5,33
Blast From the Past. Remember When Harry Claimed that Madam Was Doing a Better Job at Being Royal Than His Family Born Into Royalty?News/Media/Tabloids (self.SaintMeghanMarkle),Forgottengoldfishes,388,170
What does Toronto need to be a beautiful city? (self.askTO),calimehtar,60,172
Edward Keenan: Don‚Äôt like the political weather in Doug Ford‚Äôs Ontario? Wait five minutesArticle (thestar.com),EarthWarping,44,5
to prove IOF caught hamas (i.redd.it),bigbrain_G,515,104
One of my students clothes smells really badTeacher Support &/or Advice (self.Teachers),Optimal_Safety9957,272,54
What are you waiting for? Finish signing up to start building in the cloud today with Azure. Meet your business challenges with popular services free for 12 months. (azure.microsoft.com),Microsoft_Azure,2,0
"If Inoue goes undisputed at 122, then 126, would you consider him the GOAT? (self.Boxing)",EXCEPTIONAL_K,60,161
"Kubalik is going for the green jacket this year. He's a -12, next closest are Norris at -2 and Batherson, JBD, Kelly and MacEwen at -1. Everyone else is even or positive. (self.OttawaSenators)",homicidal_penguin,16,31
Who is most successful post UFC career fighter? (i.redd.it),MacsPowerBike,191,96
Fortnite Achieves Record-Breaking 6.6 Million Live PlayersArticles & Blogs (novicegamerguides.com),expanse95,1194,160
Saw this on another subMeme (i.redd.it),Small_Sweet1968,236,79
Sad Indeed (i.redd.it),hexx1112,12.2k,261
üß°meme (i.redd.it),kcrystalbellec,1149,7
"Jon Morosi (@jonmorosi) on X - Sources: Shohei Ohtani is en route to Toronto today. A representative of his agency, CAA, would not comment when asked about Ohtani‚Äôs travel plans. At this hour, Ohtani does not have a signed agreement with any @MLB team (x.com)",hoennking502,476,236
This week a stray baby entered my house and went by 2 big dogs just to be adoptedOC (v.redd.it),Littlewalterblues,29.4k,531
TD Bank; Suspicious call- Did I get scammed?Credit (self.PersonalFinanceCanada),I_Own_The_Chumbucket,28,121
Almost shit my pants. Ali with the big saveHighlights (v.redd.it),OkIncident6977,677,57
0-3 - This is the first time Manchester United have lost a Premier League game at Old Trafford by 3+ goals against a team starting the day in the bottom half of the table. Issues. [OptaJoe on X] (twitter.com),dracogladio1741,0,131
What's with the hate towards atheists from reddit? (self.atheism),LuffyKing0fPirates,202,160
"[Hoornstra] Shohei Ohtani to Sign with Toronto Blue Jays over Los Angeles Dodgers: SourcesUnconfirmed, conflicting reports. See comments for details. (dodgersnation.com)",jlee912,1613,590
My boss wanted me to make an infographic. How‚Äôd I do? (redditforbusiness.com),RedditforBusiness,0,0
"TIL child prodigy Adragon De Mello's father planned for his son to get a Ph.D. in physics by age 12, win the Nobel Prize by age 16, and then become a Senator, a President, the head of a world government, and ultimately the chairman of an ""intergalactic government"". (en.wikipedia.org)",starkeffect,11.5k,495
This sign. (i.redd.it),mcdofras,41,34
Why is bro so sad (i.redd.it),motherffucker,878,145
"Well, I guess I‚Äôm driving 50k miles more now (self.whatcarshouldIbuy)",Ordinary-Wonder-1663,106,201
Tweed outfitsLOOK BOOK üë†üëöüëõüëô (old.reddit.com),golden-apple2456,252,54
Today is the 19th anniversary of the greatest game ever made for this universe. Salute to the legend.OCVideo Games (i.redd.it),kyurtseven7,469,66
Well now we know who is favorite child is (i.imgur.com),DewaneeSpode53,295,33
High Evo is getting out of hand againDiscussion (self.MarvelSnap),bobodaplaya,117,207
GPF Free Dance Live Discussion ThreadLive Discussion Thread (self.FigureSkating),summerjoe45,10,321
"What's each character's most ""in character"" quote? Day 34: Jan (old.reddit.com)",bubdubarubfub,1204,283
Why was dt traffic particularly bad today?Ask Vancouver (self.vancouver),whatsherface9,83,42
Where we dropping? Dominion! You know what's better than fighting monsters? Fighting monsters in a team! Find your guild and get to work in Hero Wars. (hero-wars.com),HeroWarsDominionEra,0,37
Why are you booking flights with 3rd party websites?Question (self.travel),Dramatic-Wolf7091,157,126
Councillor says 'casual' conversation with REAL CEO wasn't a job askPolitics (leaderpost.com),Handknitmittens,16,11
What‚Äôs the best local pizza place that‚Äôs not a chain?Question (self.halifax),TheAcadianCanadian,3,47
I'm literally scared to dieDiscussion (self.GTA6),Yung_Ghoste,431,257
Petah I need helpMeme needing explanation (i.redd.it),FightingTable,1971,79
First tyrannosaur fossil discovered with its last meal perfectly preserved in its stomach (cnn.com),Kimber80,563,32
Why the Irish get it (v.redd.it),yaramye,677,79
wow. it's so beautiful (v.redd.it),PruneBig8539,15.8k,495
"What champ do you love their kit, but hate aesthetically? (self.leagueoflegends)",the-_-futurist,692,670
White man who went viral calling his Black neighbors the N-word and spitting on them sobs in court as judge slaps him with 8 years in prisonCourtroom Justice (deadstate.org),MasterfulBJJ,0,28
"[unkown] saw this, this morning, what is that?IN THE WILD (i.redd.it)",spottedgolfing,329,46
No staff tips at Burger‚Äôs Priest? (self.ottawa),Zestyclose_Ebb_2253,204,69
How to improve employee retention (quickbooks.intuit.com),QuickBooks_Canada,0,0
"Gentlemen and Ladies, what's the name of this peninsula? Couldn't find anything anywhereQuestion (i.redd.it)",CapitalofLebanon,77,124
What's your favourite ending shot?Discussion (old.reddit.com),Skywalker_1995,187,53
"TIL that Jordan Peele, Hollywood's wokiest woke director now, signed the letter arguing against a ceasefire in Palestine.Zionism (thegrio.com)",Neonexus-ULTRA,230,151
"I am so f*cked, please helpAdvice (self.TorontoMetU)",ItachiFanBoi,22,23
This cringey mf is the most narcissistic jerkwad to ever step foot in this sport. Change my mindüåà ben Sulayem üåà  (i.redd.it),WiseEyedea,2165,157
"Somehow, my 6 year old has learned to game online with friends from school. Dad is no longer needed. (i.redd.it)",densesalami,4802,130
"Ryan Gosling on a Barbie sequel: ""I'm not going anywhere near that.""FilmMoi - Movies / TV (variety.com)",demimonde9,2725,140
To mock test a knife safely (v.redd.it),Hot-Survey-26,970,59
Hot dog guy being hot dog guySocial Media (v.redd.it),SpyidSmith,1536,25
I think this was worth getting postedSCREENSHOTS (old.reddit.com),Dish-Ecstatic,978,36
The west raised multiple years worth of boys like girls and it will hurt society more than you can thinkPossibly Popular (self.TrueUnpopularOpinion),T10223,315,336
Dying at J saying ‚Äúthe real you‚Äù (v.redd.it),shi7863,15,6
"Wow, gross m√©ga venteGastronomie (i.redd.it)",EffectiveRent8349,289,54
"Toyota Crown. A hybrid electric vehicle with sleek, sophisticated style and a higher ride height. (toyota.ca)",Toyota_Canada,0,0
Just straight garbage. Awesome film.Film/Television (i.redd.it),intense_sense09,8293,165
"The ""Kingdom of the Visigoths"" title is in the game, complete with title history, however it has no de jure liegeScreenshot (i.redd.it)",milkgang_slurpslurp,450,43
meirl (i.redd.it),White_Energy,0,19
Emily's big mistakeSurvivor 45 (self.survivor),Odd_Yogurtcloset5354,162,42
So what do you think will come out first?Fluff (i.redd.it),QuarkDay,1787,275
"[Clark] The Pelicans have repeatedly stressed to Williamson that his diet and conditioning need to improve. Williamson, multiple team sources have told The Times-Picayune, ‚Äúdoesn‚Äôt listen.‚Äù (nola.com)",RulersBack,4809,1441
Has there ever been a movie that was a ‚ÄúSequel‚Äù to a movie that didn‚Äôt exist?Discussion (self.movies),NiceDomDude,2643,2506
Found this r/unexpected. Truly a welcome surprise!COSPLAY (v.redd.it),Impressive-Pin-1634,4022,55
Toute une publicit√© (i.redd.it),brolbo,47,8
"What's the best and most versatile 12"" skillet for cooking ground beef, pasta, etc. (I have iron overload - can no longer use cast iron)? (self.Cooking)",OG246,55,107
Spray tan fail (v.redd.it),ram_tough1500,892,23
Unfortunately again in the USFunnyandSad (i.redd.it),Demi_Abhaya,1548,133
Gayüò±irl gay_irl (i.redd.it),possible_daddy,661,39
